GameID,Year,Home_Team,Home_Score,Home_Team_wkts_lost,Away_Team,Away_Score,Away_Team_wkts_lost,Result,Winner,Bat_First_Win,Bat_Second_Win,Home_Team_Win,Away_Team_Win
0,2017,AUDLEY END & LITTLEBURY CC,181,7,"BARRINGTON CC, CAMBS",180,8,AUDLEY END & LITTLEBURY CC WON  BY 3 WICKETS,AUDLEY END & LITTLEBURY CC,FALSE,TRUE,TRUE,FALSE
1,2017,SAWSTON AND BABRAHAM CC,154,8,AUDLEY END & LITTLEBURY CC,155,9,AUDLEY END & LITTLEBURY CC WON  BY 1 WICKET,AUDLEY END & LITTLEBURY CC,FALSE,TRUE,FALSE,TRUE
2,2017,AUDLEY END & LITTLEBURY CC,213,7,MADINGLEY CC,201,9,AUDLEY END & LITTLEBURY CC WON  BY 12 RUNS,AUDLEY END & LITTLEBURY CC,TRUE,FALSE,TRUE,FALSE
3,2017,AUDLEY END & LITTLEBURY CC,208,9,YELLING CC,120,10,AUDLEY END & LITTLEBURY CC WON  BY 88 RUNS,AUDLEY END & LITTLEBURY CC,TRUE,FALSE,TRUE,FALSE
4,2017,CHESTERFORDS CC,145,7,AUDLEY END & LITTLEBURY CC,147,2,AUDLEY END & LITTLEBURY CC WON  BY 8 WICKETS,AUDLEY END & LITTLEBURY CC,FALSE,TRUE,FALSE,TRUE
5,2017,AUDLEY END & LITTLEBURY CC,124,2,WILBRAHAMS CC,122,5,AUDLEY END & LITTLEBURY CC WON  BY 8 WICKETS,AUDLEY END & LITTLEBURY CC,FALSE,TRUE,TRUE,FALSE
7,2017,MADINGLEY CC,227,7,AUDLEY END & LITTLEBURY CC,72,10,MADINGLEY CC WON  BY 155 RUNS,MADINGLEY CC,TRUE,FALSE,TRUE,FALSE
8,2017,AUDLEY END & LITTLEBURY CC,172,10,THRIPLOW CC,238,7,THRIPLOW CC WON  BY 66 RUNS,THRIPLOW CC,TRUE,FALSE,FALSE,TRUE
9,2017,WILBRAHAMS CC,161,6,AUDLEY END & LITTLEBURY CC,158,10,WILBRAHAMS CC WON  BY 4 WICKETS,WILBRAHAMS CC,FALSE,TRUE,TRUE,FALSE
10,2017,AUDLEY END & LITTLEBURY CC,160,1,COKENACH CC,159,10,AUDLEY END & LITTLEBURY CC WON  BY 9 WICKETS,AUDLEY END & LITTLEBURY CC,FALSE,TRUE,TRUE,FALSE
11,2017,YELLING CC,169,9,AUDLEY END & LITTLEBURY CC,171,6,AUDLEY END & LITTLEBURY CC WON  BY 4 WICKETS,AUDLEY END & LITTLEBURY CC,FALSE,TRUE,FALSE,TRUE
12,2017,AUDLEY END & LITTLEBURY CC,168,10,SAWSTON AND BABRAHAM CC,172,4,SAWSTON AND BABRAHAM CC WON  BY 6 WICKETS,SAWSTON AND BABRAHAM CC,FALSE,TRUE,FALSE,TRUE
13,2017,THRIPLOW CC,153,9,AUDLEY END & LITTLEBURY CC,154,3,AUDLEY END & LITTLEBURY CC WON  BY 7 WICKETS,AUDLEY END & LITTLEBURY CC,FALSE,TRUE,FALSE,TRUE
14,2017,ASHWELL CC,186,4,AUDLEY END & LITTLEBURY CC,184,10,ASHWELL CC WON  BY 6 WICKETS,ASHWELL CC,FALSE,TRUE,TRUE,FALSE
15,2017,AUDLEY END & LITTLEBURY CC,205,7,CHESTERFORDS CC,201,3,AUDLEY END & LITTLEBURY CC WON  BY 2 WICKETS,AUDLEY END & LITTLEBURY CC,FALSE,TRUE,TRUE,FALSE
16,2017,COKENACH CC,141,3,AUDLEY END & LITTLEBURY CC,142,2,AUDLEY END & LITTLEBURY CC WON  BY 8 WICKETS,AUDLEY END & LITTLEBURY CC,FALSE,TRUE,FALSE,TRUE
17,2017,"BARRINGTON CC, CAMBS",195,8,AUDLEY END & LITTLEBURY CC,193,10,"BARRINGTON CC, CAMBS WON  BY 2 WICKETS","BARRINGTON CC, CAMBS",FALSE,TRUE,TRUE,FALSE
18,2017,OVER CC,173,9,CAMBRIDGE NCI CC,203,7,CAMBRIDGE NCI CC WON  BY 30 RUNS,CAMBRIDGE NCI CC,TRUE,FALSE,FALSE,TRUE
19,2017,CAMBRIDGE NCI CC,149,7,CAMBRIDGE ST. GILES CC,150,8,CAMBRIDGE ST. GILES CC WON  BY 2 WICKETS,CAMBRIDGE ST. GILES CC,FALSE,TRUE,FALSE,TRUE
20,2017,LITTLE DOWNHAM CC,129,10,CAMBRIDGE NCI CC,158,7,CAMBRIDGE NCI CC WON  BY 29 RUNS,CAMBRIDGE NCI CC,TRUE,FALSE,FALSE,TRUE
21,2017,WISBECH TOWN CC,116,6,CAMBRIDGE NCI CC,115,7,WISBECH TOWN CC WON  BY 4 WICKETS,WISBECH TOWN CC,FALSE,TRUE,TRUE,FALSE
24,2017,CAMDEN CC,161,2,CAMBRIDGE NCI CC,158,10,CAMDEN CC WON  BY 7 WICKETS,CAMDEN CC,FALSE,TRUE,TRUE,FALSE
25,2017,CAMBRIDGE ST. GILES CC,190,3,CAMBRIDGE NCI CC,186,10,CAMBRIDGE ST. GILES CC WON  BY 7 WICKETS,CAMBRIDGE ST. GILES CC,FALSE,TRUE,TRUE,FALSE
26,2017,CAMBRIDGE NCI CC,172,5,LITTLE DOWNHAM CC,171,6,CAMBRIDGE NCI CC WON  BY 5 WICKETS,CAMBRIDGE NCI CC,FALSE,TRUE,TRUE,FALSE
27,2017,"ST IVES TOWN CC, HUNTS",245,7,CAMBRIDGE NCI CC,143,9,"ST IVES TOWN CC, HUNTS WON  BY 102 RUNS","ST IVES TOWN CC, HUNTS",TRUE,FALSE,TRUE,FALSE
28,2017,CAMBRIDGE NCI CC,215,8,WISBECH TOWN CC,186,6,CAMBRIDGE NCI CC WON  BY 29 RUNS,CAMBRIDGE NCI CC,TRUE,FALSE,TRUE,FALSE
29,2017,CAMBRIDGE NCI CC,223,8,WIMBLINGTON CC,214,7,CAMBRIDGE NCI CC WON  BY 9 RUNS,CAMBRIDGE NCI CC,TRUE,FALSE,TRUE,FALSE
30,2017,CAMBRIDGE NCI CC,113,10,OVER CC,88,10,CAMBRIDGE NCI CC WON  BY 25 RUNS,CAMBRIDGE NCI CC,TRUE,FALSE,TRUE,FALSE
31,2017,CAMBRIDGE NCI CC,96,4,"ST IVES TOWN CC, HUNTS",94,10,CAMBRIDGE NCI CC WON  BY 6 WICKETS,CAMBRIDGE NCI CC,FALSE,TRUE,TRUE,FALSE
32,2017,CAMBRIDGE NCI CC,178,10,CAMDEN CC,218,7,CAMDEN CC WON  BY 40 RUNS,CAMDEN CC,TRUE,FALSE,FALSE,TRUE
33,2017,LEVERINGTON CC,157,7,CAMBRIDGE NCI CC,163,9,CAMBRIDGE NCI CC WON  BY 6 RUNS,CAMBRIDGE NCI CC,TRUE,FALSE,FALSE,TRUE
34,2017,GREAT CHISHILL CC,263,6,CITY OF ELY CC,220,7,GREAT CHISHILL CC WON  BY 43 RUNS,GREAT CHISHILL CC,TRUE,FALSE,TRUE,FALSE
35,2017,CHERRY HINTON CC,166,6,GREAT CHISHILL CC,162,9,CHERRY HINTON CC WON  BY 4 WICKETS,CHERRY HINTON CC,FALSE,TRUE,TRUE,FALSE
36,2017,GREAT CHISHILL CC,117,10,COTTENHAM CC,247,9,COTTENHAM CC WON  BY 130 RUNS,COTTENHAM CC,TRUE,FALSE,FALSE,TRUE
39,2017,GREAT CHISHILL CC,258,4,HORSEHEATH CC,236,7,GREAT CHISHILL CC WON  BY 22 RUNS,GREAT CHISHILL CC,TRUE,FALSE,TRUE,FALSE
41,2017,COTTENHAM CC,134,6,GREAT CHISHILL CC,132,10,COTTENHAM CC WON  BY 4 WICKETS,COTTENHAM CC,FALSE,TRUE,TRUE,FALSE
42,2017,"ROYSTON CC, HERTS",171,6,GREAT CHISHILL CC,169,10,"ROYSTON CC, HERTS WON  BY 4 WICKETS","ROYSTON CC, HERTS",FALSE,TRUE,TRUE,FALSE
43,2017,CITY OF ELY CC,187,5,GREAT CHISHILL CC,186,8,CITY OF ELY CC WON  BY 5 WICKETS,CITY OF ELY CC,FALSE,TRUE,TRUE,FALSE
44,2017,WILBURTON CC,55,1,GREAT CHISHILL CC,52,10,WILBURTON CC WON  BY 9 WICKETS,WILBURTON CC,FALSE,TRUE,TRUE,FALSE
45,2017,GREAT CHISHILL CC,155,10,SAFFRON WALDEN CC,156,4,SAFFRON WALDEN CC WON  BY 6 WICKETS,SAFFRON WALDEN CC,FALSE,TRUE,FALSE,TRUE
46,2017,GREAT CHISHILL CC,257,10,FORDHAM CC,185,8,GREAT CHISHILL CC WON  BY 72 RUNS,GREAT CHISHILL CC,TRUE,FALSE,TRUE,FALSE
47,2017,GREAT CHISHILL CC,219,9,"ROYSTON CC, HERTS",182,10,GREAT CHISHILL CC WON  BY 37 RUNS,GREAT CHISHILL CC,TRUE,FALSE,TRUE,FALSE
48,2017,HORSEHEATH CC,216,9,GREAT CHISHILL CC,104,10,HORSEHEATH CC WON  BY 112 RUNS,HORSEHEATH CC,TRUE,FALSE,TRUE,FALSE
49,2017,GREAT CHISHILL CC,123,10,"NEWPORT CC, ESSEX",151,10,"NEWPORT CC, ESSEX WON  BY 28 RUNS","NEWPORT CC, ESSEX",TRUE,FALSE,FALSE,TRUE
50,2017,SAFFRON WALDEN CC,167,10,GREAT CHISHILL CC,168,4,GREAT CHISHILL CC WON  BY 6 WICKETS,GREAT CHISHILL CC,FALSE,TRUE,FALSE,TRUE
51,2017,GREAT CHISHILL CC,170,9,CHERRY HINTON CC,171,6,CHERRY HINTON CC WON  BY 4 WICKETS,CHERRY HINTON CC,FALSE,TRUE,FALSE,TRUE
52,2017,LINTON VILLAGE CC,65,2,ELMDON CC,59,10,LINTON VILLAGE CC WON  BY 8 WICKETS,LINTON VILLAGE CC,FALSE,TRUE,TRUE,FALSE
53,2017,LINTON VILLAGE CC,136,10,HASLINGFIELD CC,138,7,HASLINGFIELD CC WON  BY 3 WICKETS,HASLINGFIELD CC,FALSE,TRUE,FALSE,TRUE
54,2017,LINTON VILLAGE CC,213,8,HARLTON CC,212,5,LINTON VILLAGE CC WON  BY 2 WICKETS,LINTON VILLAGE CC,FALSE,TRUE,TRUE,FALSE
55,2017,LINTON VILLAGE CC,165,0,LONGSTOWE CC,161,7,LINTON VILLAGE CC WON  BY 10 WICKETS,LINTON VILLAGE CC,FALSE,TRUE,TRUE,FALSE
56,2017,HELIONS BUMPSTEAD CC,93,6,LINTON VILLAGE CC,92,10,HELIONS BUMPSTEAD CC WON  BY 4 WICKETS,HELIONS BUMPSTEAD CC,FALSE,TRUE,TRUE,FALSE
57,2017,LINTON VILLAGE CC,113,7,SAFFRON WALDEN CC,110,9,LINTON VILLAGE CC WON  BY 3 WICKETS,LINTON VILLAGE CC,FALSE,TRUE,TRUE,FALSE
59,2017,LONGSTOWE CC,123,3,LINTON VILLAGE CC,293,7,LINTON VILLAGE CC WON  BY 170 RUNS,LINTON VILLAGE CC,TRUE,FALSE,FALSE,TRUE
60,2017,HARLTON CC,158,10,LINTON VILLAGE CC,159,2,LINTON VILLAGE CC WON  BY 8 WICKETS,LINTON VILLAGE CC,FALSE,TRUE,FALSE,TRUE
61,2017,LINTON VILLAGE CC,231,9,"ABINGTON CC, CAMBS",235,8,"ABINGTON CC, CAMBS WON  BY 2 WICKETS","ABINGTON CC, CAMBS",FALSE,TRUE,FALSE,TRUE
62,2017,ELMDON CC,221,1,LINTON VILLAGE CC,222,3,LINTON VILLAGE CC WON  BY 7 WICKETS,LINTON VILLAGE CC,FALSE,TRUE,FALSE,TRUE
63,2017,LINTON VILLAGE CC,270,4,WHITTLESFORD CC,207,10,LINTON VILLAGE CC WON  BY 63 RUNS,LINTON VILLAGE CC,TRUE,FALSE,TRUE,FALSE
64,2017,SAFFRON WALDEN CC,53,10,LINTON VILLAGE CC,54,1,LINTON VILLAGE CC WON  BY 9 WICKETS,LINTON VILLAGE CC,FALSE,TRUE,FALSE,TRUE
65,2017,LINTON VILLAGE CC,276,8,HELIONS BUMPSTEAD CC,91,10,LINTON VILLAGE CC WON  BY 185 RUNS,LINTON VILLAGE CC,TRUE,FALSE,TRUE,FALSE
67,2017,"ABINGTON CC, CAMBS",141,10,LINTON VILLAGE CC,193,6,LINTON VILLAGE CC WON  BY 4 WICKETS,LINTON VILLAGE CC,FALSE,TRUE,FALSE,TRUE
68,2017,ICKLETON CC,114,1,THRIPLOW CC,112,8,ICKLETON CC WON  BY 9 WICKETS,ICKLETON CC,FALSE,TRUE,TRUE,FALSE
69,2017,RICKLING RAMBLERS CC,93,10,ICKLETON CC,218,9,ICKLETON CC WON  BY 125 RUNS,ICKLETON CC,TRUE,FALSE,FALSE,TRUE
72,2017,ICKLETON CC,125,2,LONGSTOWE CC,122,10,ICKLETON CC WON  BY 8 WICKETS,ICKLETON CC,FALSE,TRUE,TRUE,FALSE
74,2017,"BARRINGTON CC, CAMBS",152,10,ICKLETON CC,155,4,ICKLETON CC WON  BY 6 WICKETS,ICKLETON CC,FALSE,TRUE,FALSE,TRUE
75,2017,ELMDON CC,118,10,ICKLETON CC,120,3,ICKLETON CC WON  BY 7 WICKETS,ICKLETON CC,FALSE,TRUE,FALSE,TRUE
76,2017,ICKLETON CC,237,3,"NEWPORT CC, ESSEX",203,10,ICKLETON CC WON  BY 34 RUNS,ICKLETON CC,TRUE,FALSE,TRUE,FALSE
77,2017,ICKLETON CC,274,6,GREAT SHELFORD CC,120,9,ICKLETON CC WON  BY 154 RUNS,ICKLETON CC,TRUE,FALSE,TRUE,FALSE
78,2017,"ROYSTON CC, HERTS",136,10,ICKLETON CC,137,7,ICKLETON CC WON  BY 3 WICKETS,ICKLETON CC,FALSE,TRUE,FALSE,TRUE
79,2017,ICKLETON CC,153,5,LITTLE SHELFORD CC,149,10,ICKLETON CC WON  BY 5 WICKETS,ICKLETON CC,FALSE,TRUE,TRUE,FALSE
80,2017,LINTON VILLAGE CC,81,10,ICKLETON CC,82,1,ICKLETON CC WON  BY 9 WICKETS,ICKLETON CC,FALSE,TRUE,FALSE,TRUE
82,2017,THORLEY CC,155,1,BIRCHANGER CC,154,10,THORLEY CC WON  BY 9 WICKETS,THORLEY CC,FALSE,TRUE,TRUE,FALSE
83,2017,BIRCHANGER CC,170,10,STANSTED HALL & ELSENHAM CC,411,6,STANSTED HALL & ELSENHAM CC WON  BY 241 RUNS,STANSTED HALL & ELSENHAM CC,TRUE,FALSE,FALSE,TRUE
84,2017,BRAUGHING CC,239,7,BIRCHANGER CC,93,10,BRAUGHING CC WON  BY 146 RUNS,BRAUGHING CC,TRUE,FALSE,TRUE,FALSE
85,2017,HATFIELD HEATH CC,75,3,BIRCHANGER CC,71,10,HATFIELD HEATH CC WON  BY 7 WICKETS,HATFIELD HEATH CC,FALSE,TRUE,TRUE,FALSE
86,2017,BIRCHANGER CC,118,10,WOODFORD WELLS CC,125,10,WOODFORD WELLS CC WON  BY 7 RUNS,WOODFORD WELLS CC,TRUE,FALSE,FALSE,TRUE
89,2017,BIRCHANGER CC,207,9,TAKELEY CC,127,10,BIRCHANGER CC WON  BY 80 RUNS,BIRCHANGER CC,TRUE,FALSE,TRUE,FALSE
90,2017,SOUTH LOUGHTON CC -,178,2,BIRCHANGER CC,176,9,SOUTH LOUGHTON CC WON  BY 8 WICKETS,SOUTH LOUGHTON CC,FALSE,TRUE,FALSE,FALSE
91,2017,BIRCHANGER CC,83,10,THORLEY CC,86,1,THORLEY CC WON  BY 9 WICKETS,THORLEY CC,FALSE,TRUE,FALSE,TRUE
92,2017,STANSTED HALL & ELSENHAM CC,409,7,BIRCHANGER CC,92,10,STANSTED HALL & ELSENHAM CC WON  BY 317 RUNS,STANSTED HALL & ELSENHAM CC,TRUE,FALSE,TRUE,FALSE
93,2017,BIRCHANGER CC,211,10,BRAUGHING CC,271,6,BRAUGHING CC WON  BY 60 RUNS,BRAUGHING CC,TRUE,FALSE,FALSE,TRUE
94,2017,BIRCHANGER CC,77,10,HATFIELD HEATH CC,78,5,HATFIELD HEATH CC WON  BY 5 WICKETS,HATFIELD HEATH CC,FALSE,TRUE,FALSE,TRUE
95,2017,WOODFORD WELLS CC,271,10,BIRCHANGER CC,317,8,BIRCHANGER CC WON  BY 2 WICKETS,BIRCHANGER CC,FALSE,TRUE,FALSE,TRUE
96,2017,ILFORD CATHOLIC CC,226,7,BIRCHANGER CC,180,7,ILFORD CATHOLIC CC WON  BY 46 RUNS,ILFORD CATHOLIC CC,TRUE,FALSE,TRUE,FALSE
97,2017,BIRCHANGER CC,120,10,"FARNHAM CC, ESSEX",270,4,"FARNHAM CC, ESSEX WON  BY 150 RUNS","FARNHAM CC, ESSEX",TRUE,FALSE,FALSE,TRUE
98,2017,TAKELEY CC,307,6,BIRCHANGER CC,181,10,TAKELEY CC WON  BY 126 RUNS,TAKELEY CC,TRUE,FALSE,TRUE,FALSE
99,2017,BIRCHANGER CC,236,9,SOUTH LOUGHTON CC -,261,7,SOUTH LOUGHTON CC WON  BY 25 RUNS,SOUTH LOUGHTON CC,TRUE,FALSE,FALSE,FALSE
101,2017,ELMDON CC,234,6,SAFFRON WALDEN CC,177,9,ELMDON CC WON  BY 57 RUNS,ELMDON CC,TRUE,FALSE,TRUE,FALSE
103,2017,WHITTLESFORD CC,151,2,ELMDON CC,146,8,WHITTLESFORD CC WON  BY 8 WICKETS,WHITTLESFORD CC,FALSE,TRUE,TRUE,FALSE
104,2017,ELMDON CC,112,10,"ABINGTON CC, CAMBS",190,7,"ABINGTON CC, CAMBS WON  BY 78 RUNS","ABINGTON CC, CAMBS",TRUE,FALSE,FALSE,TRUE
105,2017,LONGSTOWE CC,173,5,ELMDON CC,160,9,LONGSTOWE CC WON  BY 13 RUNS,LONGSTOWE CC,TRUE,FALSE,TRUE,FALSE
107,2017,ELMDON CC,142,10,HELIONS BUMPSTEAD CC,230,5,HELIONS BUMPSTEAD CC WON  BY 88 RUNS,HELIONS BUMPSTEAD CC,TRUE,FALSE,FALSE,TRUE
108,2017,"ABINGTON CC, CAMBS",219,9,ELMDON CC,198,9,"ABINGTON CC, CAMBS WON  BY 21 RUNS","ABINGTON CC, CAMBS",TRUE,FALSE,TRUE,FALSE
109,2017,HASLINGFIELD CC,244,2,ELMDON CC,245,3,ELMDON CC WON  BY 7 WICKETS,ELMDON CC,FALSE,TRUE,FALSE,TRUE
111,2017,HELIONS BUMPSTEAD CC,213,1,ELMDON CC,210,8,HELIONS BUMPSTEAD CC WON  BY 9 WICKETS,HELIONS BUMPSTEAD CC,FALSE,TRUE,TRUE,FALSE
112,2017,ELMDON CC,176,6,HARLTON CC,173,7,ELMDON CC WON  BY 4 WICKETS,ELMDON CC,FALSE,TRUE,TRUE,FALSE
113,2017,SAFFRON WALDEN CC,183,8,ELMDON CC,193,8,ELMDON CC WON  BY 10 RUNS,ELMDON CC,TRUE,FALSE,FALSE,TRUE
115,2017,ELMDON CC,220,2,WHITTLESFORD CC,208,10,ELMDON CC WON  BY 12 RUNS,ELMDON CC,TRUE,FALSE,TRUE,FALSE
116,2017,FULBOURN INSTITUTE CC,85,5,LITTLE SHELFORD CC,84,10,FULBOURN INSTITUTE CC WON  BY 5 WICKETS,FULBOURN INSTITUTE CC,FALSE,TRUE,TRUE,FALSE
117,2017,LITTLE SHELFORD CC,71,1,FULBOURN INSTITUTE CC,68,10,LITTLE SHELFORD CC WON  BY 9 WICKETS,LITTLE SHELFORD CC,FALSE,TRUE,TRUE,FALSE
118,2017,BASSINGBOURN CC,140,10,LITTLE SHELFORD CC,146,4,LITTLE SHELFORD CC WON  BY 6 WICKETS,LITTLE SHELFORD CC,FALSE,TRUE,FALSE,TRUE
120,2017,"ROYSTON CC, HERTS",93,8,LITTLE SHELFORD CC,92,9,"ROYSTON CC, HERTS WON  BY 2 WICKETS","ROYSTON CC, HERTS",FALSE,TRUE,TRUE,FALSE
121,2017,LITTLE SHELFORD CC,83,2,REBELS CC,82,10,LITTLE SHELFORD CC WON  BY 8 WICKETS,LITTLE SHELFORD CC,FALSE,TRUE,TRUE,FALSE
122,2017,LITTLE SHELFORD CC,46,1,BASSINGBOURN CC,44,10,LITTLE SHELFORD CC WON  BY 9 WICKETS,LITTLE SHELFORD CC,FALSE,TRUE,TRUE,FALSE
123,2017,LITTLE SHELFORD CC,320,7,CAMBRIDGE NCI CC,232,5,LITTLE SHELFORD CC WON  BY 88 RUNS,LITTLE SHELFORD CC,TRUE,FALSE,TRUE,FALSE
124,2017,LITTLE SHELFORD CC,206,10,GREAT SHELFORD CC,205,8,LITTLE SHELFORD CC WON  BY 1 RUN,LITTLE SHELFORD CC,TRUE,FALSE,TRUE,FALSE
125,2017,REBELS CC,124,10,LITTLE SHELFORD CC,186,9,LITTLE SHELFORD CC WON  BY 62 RUNS,LITTLE SHELFORD CC,TRUE,FALSE,FALSE,TRUE
126,2017,CAMBRIDGE NCI CC,112,10,LITTLE SHELFORD CC,152,9,LITTLE SHELFORD CC WON  BY 1 WICKET,LITTLE SHELFORD CC,FALSE,TRUE,FALSE,TRUE
127,2017,LITTLE SHELFORD CC,104,2,ROMSEY TOWN CC,102,9,LITTLE SHELFORD CC WON  BY 8 WICKETS,LITTLE SHELFORD CC,FALSE,TRUE,TRUE,FALSE
128,2017,LITTLE SHELFORD CC,190,6,"ROYSTON CC, HERTS",189,10,LITTLE SHELFORD CC WON  BY 4 WICKETS,LITTLE SHELFORD CC,FALSE,TRUE,TRUE,FALSE
129,2017,GREAT SHELFORD CC,177,7,LITTLE SHELFORD CC,178,1,LITTLE SHELFORD CC WON  BY 9 WICKETS,LITTLE SHELFORD CC,FALSE,TRUE,FALSE,TRUE
130,2017,STEEPLE MORDEN CC,82,10,LITTLE SHELFORD CC,158,10,LITTLE SHELFORD CC WON  BY 0 WICKETS,LITTLE SHELFORD CC,FALSE,TRUE,FALSE,TRUE
131,2017,ROMSEY TOWN CC,124,8,LITTLE SHELFORD CC,184,10,LITTLE SHELFORD CC WON  BY 60 RUNS,LITTLE SHELFORD CC,TRUE,FALSE,FALSE,TRUE
132,2017,ASHWELL CC,114,1,CHESTERFORDS CC,108,10,ASHWELL CC WON  BY 9 WICKETS,ASHWELL CC,FALSE,TRUE,TRUE,FALSE
133,2017,ASHWELL CC,96,5,WILBRAHAMS CC,95,10,ASHWELL CC WON  BY 5 WICKETS,ASHWELL CC,FALSE,TRUE,TRUE,FALSE
137,2017,SAWSTON AND BABRAHAM CC,150,10,ASHWELL CC,151,5,ASHWELL CC WON  BY 5 WICKETS,ASHWELL CC,FALSE,TRUE,FALSE,TRUE
139,2017,ASHWELL CC,77,2,COKENACH CC,74,10,ASHWELL CC WON  BY 8 WICKETS,ASHWELL CC,FALSE,TRUE,TRUE,FALSE
140,2017,MADINGLEY CC,163,10,ASHWELL CC,166,8,ASHWELL CC WON  BY 2 WICKETS,ASHWELL CC,FALSE,TRUE,FALSE,TRUE
142,2017,"BARRINGTON CC, CAMBS",161,10,ASHWELL CC,230,9,ASHWELL CC WON  BY 69 RUNS,ASHWELL CC,TRUE,FALSE,FALSE,TRUE
143,2017,ASHWELL CC,212,9,SAWSTON AND BABRAHAM CC,181,9,ASHWELL CC WON  BY 31 RUNS,ASHWELL CC,TRUE,FALSE,TRUE,FALSE
144,2017,ASHWELL CC,185,10,MADINGLEY CC,186,8,MADINGLEY CC WON  BY 2 WICKETS,MADINGLEY CC,FALSE,TRUE,FALSE,TRUE
145,2017,WILBRAHAMS CC,131,10,ASHWELL CC,332,4,ASHWELL CC WON  BY 201 RUNS,ASHWELL CC,TRUE,FALSE,FALSE,TRUE
147,2017,ASHWELL CC,107,6,YELLING CC,106,10,ASHWELL CC WON  BY 4 WICKETS,ASHWELL CC,FALSE,TRUE,TRUE,FALSE
148,2017,ASHWELL CC,224,8,"BARRINGTON CC, CAMBS",293,4,"BARRINGTON CC, CAMBS WON  BY 69 RUNS","BARRINGTON CC, CAMBS",TRUE,FALSE,FALSE,TRUE
149,2017,ASHWELL CC,173,10,THRIPLOW CC,155,9,ASHWELL CC WON  BY 18 RUNS,ASHWELL CC,TRUE,FALSE,TRUE,FALSE
150,2018,"NEWPORT CC, ESSEX",231,6,AUDLEY END & LITTLEBURY CC,229,8,"NEWPORT CC, ESSEX WON  BY 4 WICKETS","NEWPORT CC, ESSEX",FALSE,TRUE,TRUE,FALSE
152,2018,SAFFRON WALDEN CC,190,4,AUDLEY END & LITTLEBURY CC,186,4,SAFFRON WALDEN CC WON  BY 6 WICKETS,SAFFRON WALDEN CC,FALSE,TRUE,TRUE,FALSE
154,2018,GIRTON CC,209,2,AUDLEY END & LITTLEBURY CC,208,10,GIRTON CC WON  BY 8 WICKETS,GIRTON CC,FALSE,TRUE,TRUE,FALSE
155,2018,AUDLEY END & LITTLEBURY CC,193,10,HORSEHEATH CC,229,8,HORSEHEATH CC WON  BY 36 RUNS,HORSEHEATH CC,TRUE,FALSE,FALSE,TRUE
156,2018,ISLEHAM CC,325,5,AUDLEY END & LITTLEBURY CC,188,10,ISLEHAM CC WON  BY 137 RUNS,ISLEHAM CC,TRUE,FALSE,TRUE,FALSE
158,2018,AUDLEY END & LITTLEBURY CC,123,10,WILBURTON CC,190,6,WILBURTON CC WON  BY 67 RUNS,WILBURTON CC,TRUE,FALSE,FALSE,TRUE
159,2018,AUDLEY END & LITTLEBURY CC,205,10,"NEWPORT CC, ESSEX",206,4,"NEWPORT CC, ESSEX WON  BY 5 WICKETS","NEWPORT CC, ESSEX",FALSE,TRUE,FALSE,TRUE
160,2018,AUDLEY END & LITTLEBURY CC,197,6,ASHWELL CC,192,10,AUDLEY END & LITTLEBURY CC WON  BY 4 WICKETS,AUDLEY END & LITTLEBURY CC,FALSE,TRUE,TRUE,FALSE
161,2018,AUDLEY END & LITTLEBURY CC,205,8,SAFFRON WALDEN CC,207,1,SAFFRON WALDEN CC WON  BY 9 WICKETS,SAFFRON WALDEN CC,FALSE,TRUE,FALSE,TRUE
162,2018,GREAT CHISHILL CC,292,5,AUDLEY END & LITTLEBURY CC,105,10,GREAT CHISHILL CC WON  BY 187 RUNS,GREAT CHISHILL CC,TRUE,FALSE,TRUE,FALSE
163,2018,AUDLEY END & LITTLEBURY CC,133,10,GIRTON CC,134,4,GIRTON CC WON  BY 6 WICKETS,GIRTON CC,FALSE,TRUE,FALSE,TRUE
164,2018,HORSEHEATH CC,319,5,AUDLEY END & LITTLEBURY CC,234,9,HORSEHEATH CC WON  BY 85 RUNS,HORSEHEATH CC,TRUE,FALSE,TRUE,FALSE
165,2018,AUDLEY END & LITTLEBURY CC,206,6,ISLEHAM CC,318,6,ISLEHAM CC WON  BY 112 RUNS,ISLEHAM CC,TRUE,FALSE,FALSE,TRUE
166,2018,AUDLEY END & LITTLEBURY CC,164,10,CITY OF ELY CC,165,2,CITY OF ELY CC WON  BY 8 WICKETS,CITY OF ELY CC,FALSE,TRUE,FALSE,TRUE
167,2018,WILBURTON CC,223,10,AUDLEY END & LITTLEBURY CC,200,9,WILBURTON CC WON  BY 23 RUNS,WILBURTON CC,TRUE,FALSE,TRUE,FALSE
168,2018,CAMBRIDGE NCI CC,192,6,CHATTERIS CC,193,9,CHATTERIS CC WON  BY 1 WICKET,CHATTERIS CC,FALSE,TRUE,FALSE,TRUE
169,2018,WIMBLINGTON CC,85,10,CAMBRIDGE NCI CC,259,8,CAMBRIDGE NCI CC WON  BY 174 RUNS,CAMBRIDGE NCI CC,TRUE,FALSE,FALSE,TRUE
171,2018,OVER CC,127,10,CAMBRIDGE NCI CC,289,8,CAMBRIDGE NCI CC WON  BY 162 RUNS,CAMBRIDGE NCI CC,TRUE,FALSE,FALSE,TRUE
172,2018,GREAT SHELFORD CC,221,10,CAMBRIDGE NCI CC,223,3,CAMBRIDGE NCI CC WON  BY 7 WICKETS,CAMBRIDGE NCI CC,FALSE,TRUE,FALSE,TRUE
173,2018,CAMBRIDGE NCI CC,145,7,CAMDEN CC,146,4,CAMDEN CC WON  BY 6 WICKETS,CAMDEN CC,FALSE,TRUE,FALSE,TRUE
174,2018,CAMBRIDGE NCI CC,234,10,CAMBOURNE CC,107,10,CAMBRIDGE NCI CC WON  BY 127 RUNS,CAMBRIDGE NCI CC,TRUE,FALSE,TRUE,FALSE
175,2018,CAMDEN CC,190,3,CAMBRIDGE NCI CC,186,9,CAMDEN CC WON  BY 7 WICKETS,CAMDEN CC,FALSE,TRUE,TRUE,FALSE
176,2018,WISBECH TOWN CC,243,7,CAMBRIDGE NCI CC,148,9,WISBECH TOWN CC WON  BY 95 RUNS,WISBECH TOWN CC,TRUE,FALSE,TRUE,FALSE
177,2018,CAMBRIDGE NCI CC,222,9,WIMBLINGTON CC,172,6,CAMBRIDGE NCI CC WON  BY 50 RUNS,CAMBRIDGE NCI CC,TRUE,FALSE,TRUE,FALSE
178,2018,CAMBOURNE CC,169,8,CAMBRIDGE NCI CC,182,9,CAMBRIDGE NCI CC WON  BY 13 RUNS,CAMBRIDGE NCI CC,TRUE,FALSE,FALSE,TRUE
179,2018,COTON CC,249,5,CAMBRIDGE NCI CC,209,9,COTON CC WON  BY 40 RUNS,COTON CC,TRUE,FALSE,TRUE,FALSE
180,2018,CAMBRIDGE NCI CC,227,5,OVER CC,229,6,OVER CC WON  BY 4 WICKETS,OVER CC,FALSE,TRUE,FALSE,TRUE
181,2018,CAMBRIDGE NCI CC,209,8,GREAT SHELFORD CC,207,3,CAMBRIDGE NCI CC WON  BY 2 WICKETS,CAMBRIDGE NCI CC,FALSE,TRUE,TRUE,FALSE
183,2018,CHATTERIS CC,82,6,CAMBRIDGE NCI CC,81,10,CHATTERIS CC WON  BY 4 WICKETS,CHATTERIS CC,FALSE,TRUE,TRUE,FALSE
184,2018,GREAT CHISHILL CC,214,9,SAFFRON WALDEN CC,217,3,SAFFRON WALDEN CC WON  BY 7 WICKETS,SAFFRON WALDEN CC,FALSE,TRUE,FALSE,TRUE
185,2018,HORSEHEATH CC,72,2,GREAT CHISHILL CC,71,10,HORSEHEATH CC WON  BY 8 WICKETS,HORSEHEATH CC,FALSE,TRUE,TRUE,FALSE
186,2018,GIRTON CC,211,3,GREAT CHISHILL CC,208,10,GIRTON CC WON  BY 7 WICKETS,GIRTON CC,FALSE,TRUE,TRUE,FALSE
188,2018,ASHWELL CC,215,10,GREAT CHISHILL CC,291,7,GREAT CHISHILL CC WON  BY 76 RUNS,GREAT CHISHILL CC,TRUE,FALSE,FALSE,TRUE
189,2018,ISLEHAM CC,194,10,GREAT CHISHILL CC,197,3,GREAT CHISHILL CC WON  BY 7 WICKETS,GREAT CHISHILL CC,FALSE,TRUE,FALSE,TRUE
190,2018,GREAT CHISHILL CC,172,10,"NEWPORT CC, ESSEX",199,10,"NEWPORT CC, ESSEX WON  BY 27 RUNS","NEWPORT CC, ESSEX",TRUE,FALSE,FALSE,TRUE
191,2018,GREAT CHISHILL CC,227,6,WILBURTON CC,228,3,WILBURTON CC WON  BY 7 WICKETS,WILBURTON CC,FALSE,TRUE,FALSE,TRUE
192,2018,GREAT CHISHILL CC,62,10,CITY OF ELY CC,293,7,CITY OF ELY CC WON  BY 231 RUNS,CITY OF ELY CC,TRUE,FALSE,FALSE,TRUE
193,2018,SAFFRON WALDEN CC,248,6,GREAT CHISHILL CC,252,7,GREAT CHISHILL CC WON  BY 3 WICKETS,GREAT CHISHILL CC,FALSE,TRUE,FALSE,TRUE
194,2018,GREAT CHISHILL CC,238,10,HORSEHEATH CC,240,4,HORSEHEATH CC WON  BY 6 WICKETS,HORSEHEATH CC,FALSE,TRUE,FALSE,TRUE
195,2018,GREAT CHISHILL CC,250,10,GIRTON CC,284,5,GIRTON CC WON  BY 34 RUNS,GIRTON CC,TRUE,FALSE,FALSE,TRUE
197,2018,GREAT CHISHILL CC,176,10,ASHWELL CC,177,7,ASHWELL CC WON  BY 3 WICKETS,ASHWELL CC,FALSE,TRUE,FALSE,TRUE
198,2018,GREAT CHISHILL CC,179,8,ISLEHAM CC,126,10,GREAT CHISHILL CC WON  BY 53 RUNS,GREAT CHISHILL CC,TRUE,FALSE,TRUE,FALSE
199,2018,"NEWPORT CC, ESSEX",295,9,GREAT CHISHILL CC,209,7,"NEWPORT CC, ESSEX WON  BY 86 RUNS","NEWPORT CC, ESSEX",TRUE,FALSE,TRUE,FALSE
201,2018,CITY OF ELY CC,223,7,GREAT CHISHILL CC,104,10,CITY OF ELY CC WON  BY 119 RUNS,CITY OF ELY CC,TRUE,FALSE,TRUE,FALSE
202,2018,LINTON VILLAGE CC,112,10,MADINGLEY CC,113,4,MADINGLEY CC WON  BY 6 WICKETS,MADINGLEY CC,FALSE,TRUE,FALSE,TRUE
203,2018,YELLING CC,173,10,LINTON VILLAGE CC,112,10,YELLING CC WON  BY 61 RUNS,YELLING CC,TRUE,FALSE,TRUE,FALSE
204,2018,CAMBRIDGE ST. GILES CC,129,10,LINTON VILLAGE CC,150,10,LINTON VILLAGE CC WON  BY 21 RUNS,LINTON VILLAGE CC,TRUE,FALSE,FALSE,TRUE
205,2018,WILBRAHAMS CC,122,9,LINTON VILLAGE CC,116,10,WILBRAHAMS CC WON  BY 6 RUNS,WILBRAHAMS CC,TRUE,FALSE,TRUE,FALSE
206,2018,LINTON VILLAGE CC,113,10,"CHIPPENHAM CC, CAMBS",114,2,"CHIPPENHAM CC, CAMBS WON  BY 8 WICKETS","CHIPPENHAM CC, CAMBS",FALSE,TRUE,FALSE,TRUE
207,2018,THRIPLOW CC,178,5,LINTON VILLAGE CC,175,10,THRIPLOW CC WON  BY 5 WICKETS,THRIPLOW CC,FALSE,TRUE,TRUE,FALSE
208,2018,LINTON VILLAGE CC,247,10,"ABINGTON CC, CAMBS",117,10,LINTON VILLAGE CC WON  BY 130 RUNS,LINTON VILLAGE CC,TRUE,FALSE,TRUE,FALSE
209,2018,LINTON VILLAGE CC,120,10,"BARRINGTON CC, CAMBS",166,10,"BARRINGTON CC, CAMBS WON  BY 46 RUNS","BARRINGTON CC, CAMBS",TRUE,FALSE,FALSE,TRUE
210,2018,LINTON VILLAGE CC,175,10,SAWSTON AND BABRAHAM CC,177,1,SAWSTON AND BABRAHAM CC WON  BY 9 WICKETS,SAWSTON AND BABRAHAM CC,FALSE,TRUE,FALSE,TRUE
211,2018,"ABINGTON CC, CAMBS",154,10,LINTON VILLAGE CC,207,8,LINTON VILLAGE CC WON  BY 53 RUNS,LINTON VILLAGE CC,TRUE,FALSE,FALSE,TRUE
212,2018,LINTON VILLAGE CC,265,9,WILBRAHAMS CC,222,7,LINTON VILLAGE CC WON  BY 43 RUNS,LINTON VILLAGE CC,TRUE,FALSE,TRUE,FALSE
213,2018,MADINGLEY CC,68,10,LINTON VILLAGE CC,143,10,LINTON VILLAGE CC WON  BY 75 RUNS,LINTON VILLAGE CC,TRUE,FALSE,FALSE,TRUE
214,2018,"BARRINGTON CC, CAMBS",118,10,LINTON VILLAGE CC,143,10,LINTON VILLAGE CC WON  BY 25 RUNS,LINTON VILLAGE CC,TRUE,FALSE,FALSE,TRUE
215,2018,LINTON VILLAGE CC,223,10,CAMBRIDGE ST. GILES CC,279,2,CAMBRIDGE ST. GILES CC WON  BY 56 RUNS,CAMBRIDGE ST. GILES CC,TRUE,FALSE,FALSE,TRUE
216,2018,SAWSTON AND BABRAHAM CC,139,1,LINTON VILLAGE CC,138,10,SAWSTON AND BABRAHAM CC WON  BY 9 WICKETS,SAWSTON AND BABRAHAM CC,FALSE,TRUE,TRUE,FALSE
217,2018,LINTON VILLAGE CC,221,8,YELLING CC,163,10,LINTON VILLAGE CC WON  BY 58 RUNS,LINTON VILLAGE CC,TRUE,FALSE,TRUE,FALSE
218,2018,LINTON VILLAGE CC,138,6,THRIPLOW CC,134,9,LINTON VILLAGE CC WON  BY 4 WICKETS,LINTON VILLAGE CC,FALSE,TRUE,TRUE,FALSE
219,2018,"CHIPPENHAM CC, CAMBS",115,8,LINTON VILLAGE CC,114,10,"CHIPPENHAM CC, CAMBS WON  BY 2 WICKETS","CHIPPENHAM CC, CAMBS",FALSE,TRUE,TRUE,FALSE
220,2018,ICKLETON CC,158,9,SAWSTON AND BABRAHAM CC,185,5,SAWSTON AND BABRAHAM CC WON  BY 27 RUNS,SAWSTON AND BABRAHAM CC,TRUE,FALSE,FALSE,TRUE
221,2018,ICKLETON CC,323,4,WHITTLESFORD CC,56,10,ICKLETON CC WON  BY 267 RUNS,ICKLETON CC,TRUE,FALSE,TRUE,FALSE
222,2018,BUNTINGFORD CC,93,10,ICKLETON CC,246,4,ICKLETON CC WON  BY 153 RUNS,ICKLETON CC,TRUE,FALSE,FALSE,TRUE
223,2018,ICKLETON CC,113,4,BALSHAM CC,111,10,ICKLETON CC WON  BY 6 WICKETS,ICKLETON CC,FALSE,TRUE,TRUE,FALSE
225,2018,ICKLETON CC,203,8,SAFFRON WALDEN CC,197,7,ICKLETON CC WON  BY 2 WICKETS,ICKLETON CC,FALSE,TRUE,TRUE,FALSE
226,2018,ICKLETON CC,157,1,"NEWPORT CC, ESSEX",155,10,ICKLETON CC WON  BY 9 WICKETS,ICKLETON CC,FALSE,TRUE,TRUE,FALSE
227,2018,WHITTLESFORD CC,185,10,ICKLETON CC,177,10,WHITTLESFORD CC WON  BY 8 RUNS,WHITTLESFORD CC,TRUE,FALSE,TRUE,FALSE
228,2018,ICKLETON CC,139,10,"BARLEY CC, CAMBS",107,10,ICKLETON CC WON  BY 32 RUNS,ICKLETON CC,TRUE,FALSE,TRUE,FALSE
229,2018,BALSHAM CC,149,8,ICKLETON CC,152,5,ICKLETON CC WON  BY 5 WICKETS,ICKLETON CC,FALSE,TRUE,FALSE,TRUE
230,2018,"BARLEY CC, CAMBS",117,10,ICKLETON CC,217,10,ICKLETON CC WON  BY 100 RUNS,ICKLETON CC,TRUE,FALSE,FALSE,TRUE
231,2018,SAWSTON AND BABRAHAM CC,178,7,ICKLETON CC,86,10,SAWSTON AND BABRAHAM CC WON  BY 92 RUNS,SAWSTON AND BABRAHAM CC,TRUE,FALSE,TRUE,FALSE
232,2018,SAFFRON WALDEN CC,170,6,ICKLETON CC,237,5,ICKLETON CC WON  BY 67 RUNS,ICKLETON CC,TRUE,FALSE,FALSE,TRUE
233,2018,ICKLETON CC,129,10,BUNTINGFORD CC,99,9,ICKLETON CC WON  BY 30 RUNS,ICKLETON CC,TRUE,FALSE,TRUE,FALSE
234,2018,POTTER STREET & CHURCH LANGLEY CC,105,4,BIRCHANGER CC,103,10,POTTER STREET & CHURCH LANGLEY CC WON  BY 6 WICKETS,POTTER STREET & CHURCH LANGLEY CC,FALSE,TRUE,TRUE,FALSE
235,2018,BIRCHANGER CC,206,7,NORTH WEALD CC -,206,8,BIRCHANGER CC WON  BY 3 WICKETS,BIRCHANGER CC,FALSE,TRUE,TRUE,FALSE
236,2018,ABRIDGE CC -,257,2,BIRCHANGER CC,255,7,ABRIDGE CC WON  BY 8 WICKETS,ABRIDGE CC,FALSE,TRUE,FALSE,FALSE
237,2018,WILLINGALE CC,227,5,BIRCHANGER CC,230,1,BIRCHANGER CC WON  BY 9 WICKETS,BIRCHANGER CC,FALSE,TRUE,FALSE,TRUE
238,2018,CLOGHAMS CC,162,6,BIRCHANGER CC,151,7,CLOGHAMS CC WON  BY 11 RUNS,CLOGHAMS CC,TRUE,FALSE,TRUE,FALSE
239,2018,BIRCHANGER CC,122,8,POTTER STREET & CHURCH LANGLEY CC,125,6,POTTER STREET & CHURCH LANGLEY CC WON  BY 4 WICKETS,POTTER STREET & CHURCH LANGLEY CC,FALSE,TRUE,FALSE,TRUE
240,2018,NORTH WEALD CC -,178,10,BIRCHANGER CC,149,10,NORTH WEALD CC WON  BY 29 RUNS,NORTH WEALD CC,TRUE,FALSE,FALSE,FALSE
241,2018,BIRCHANGER CC,65,1,ABRIDGE CC -,61,10,BIRCHANGER CC WON  BY 9 WICKETS,BIRCHANGER CC,FALSE,TRUE,TRUE,FALSE
242,2018,BIRCHANGER CC,143,0,WILLINGALE CC,138,10,BIRCHANGER CC WON  BY 10 WICKETS,BIRCHANGER CC,FALSE,TRUE,TRUE,FALSE
243,2018,CLOGHAMS CC,130,9,BIRCHANGER CC,134,3,BIRCHANGER CC WON  BY 7 WICKETS,BIRCHANGER CC,FALSE,TRUE,FALSE,TRUE
244,2018,HELIONS BUMPSTEAD CC,134,10,ELMDON CC,174,8,ELMDON CC WON  BY 40 RUNS,ELMDON CC,TRUE,FALSE,FALSE,TRUE
245,2018,ELMDON CC,202,8,LONGSTOWE CC,72,10,ELMDON CC WON  BY 130 RUNS,ELMDON CC,TRUE,FALSE,TRUE,FALSE
246,2018,ELMDON CC,178,10,LITTLE SHELFORD CC,255,7,LITTLE SHELFORD CC WON  BY 77 RUNS,LITTLE SHELFORD CC,TRUE,FALSE,FALSE,TRUE
247,2018,LITTLE SHELFORD CC,98,4,ELMDON CC,97,10,LITTLE SHELFORD CC WON  BY 6 WICKETS,LITTLE SHELFORD CC,FALSE,TRUE,TRUE,FALSE
248,2018,"ROYSTON CC, HERTS",209,2,ELMDON CC,206,6,"ROYSTON CC, HERTS WON  BY 8 WICKETS","ROYSTON CC, HERTS",FALSE,TRUE,TRUE,FALSE
249,2018,ELMDON CC,179,8,WHITTLESFORD CC,181,6,WHITTLESFORD CC WON  BY 4 WICKETS,WHITTLESFORD CC,FALSE,TRUE,FALSE,TRUE
250,2018,ELMDON CC,198,7,COKENACH CC,202,0,COKENACH CC WON  BY 10 WICKETS,COKENACH CC,FALSE,TRUE,FALSE,TRUE
251,2018,ELMDON CC,143,2,HARLTON CC,142,10,ELMDON CC WON  BY 8 WICKETS,ELMDON CC,FALSE,TRUE,TRUE,FALSE
252,2018,ELMDON CC,183,10,CHESTERFORDS CC,210,3,CHESTERFORDS CC WON  BY 27 RUNS,CHESTERFORDS CC,TRUE,FALSE,FALSE,TRUE
253,2018,ELMDON CC,125,5,"ROYSTON CC, HERTS",124,10,ELMDON CC WON  BY 5 WICKETS,ELMDON CC,FALSE,TRUE,TRUE,FALSE
254,2018,COKENACH CC,270,6,ELMDON CC,170,10,COKENACH CC WON  BY 100 RUNS,COKENACH CC,TRUE,FALSE,TRUE,FALSE
255,2018,HARLTON CC,139,10,ELMDON CC,207,9,ELMDON CC WON  BY 68 RUNS,ELMDON CC,TRUE,FALSE,FALSE,TRUE
256,2018,ELMDON CC,132,9,HELIONS BUMPSTEAD CC,183,10,HELIONS BUMPSTEAD CC WON  BY 51 RUNS,HELIONS BUMPSTEAD CC,TRUE,FALSE,FALSE,TRUE
257,2018,WHITTLESFORD CC,165,4,ELMDON CC,161,6,WHITTLESFORD CC WON  BY 6 WICKETS,WHITTLESFORD CC,FALSE,TRUE,TRUE,FALSE
259,2018,LONGSTOWE CC,195,3,ELMDON CC,122,8,LONGSTOWE CC WON  BY 73 RUNS,LONGSTOWE CC,TRUE,FALSE,TRUE,FALSE
262,2018,LITTLE SHELFORD CC,103,10,CHESTERFORDS CC,106,1,CHESTERFORDS CC WON  BY 9 WICKETS,CHESTERFORDS CC,FALSE,TRUE,FALSE,TRUE
263,2018,LONGSTOWE CC,89,10,LITTLE SHELFORD CC,90,0,LITTLE SHELFORD CC WON  BY 10 WICKETS,LITTLE SHELFORD CC,FALSE,TRUE,FALSE,TRUE
264,2018,LITTLE SHELFORD CC,127,4,HARLTON CC,123,10,LITTLE SHELFORD CC WON  BY 6 WICKETS,LITTLE SHELFORD CC,FALSE,TRUE,TRUE,FALSE
265,2018,LITTLE SHELFORD CC,179,6,HELIONS BUMPSTEAD CC,178,10,LITTLE SHELFORD CC WON  BY 4 WICKETS,LITTLE SHELFORD CC,FALSE,TRUE,TRUE,FALSE
266,2018,LITTLE SHELFORD CC,109,10,"ROYSTON CC, HERTS",110,2,"ROYSTON CC, HERTS WON  BY 8 WICKETS","ROYSTON CC, HERTS",FALSE,TRUE,FALSE,TRUE
267,2018,COKENACH CC,235,2,LITTLE SHELFORD CC,195,6,COKENACH CC WON  BY 40 RUNS,COKENACH CC,TRUE,FALSE,TRUE,FALSE
268,2018,LITTLE SHELFORD CC,306,3,WHITTLESFORD CC,234,8,LITTLE SHELFORD CC WON  BY 72 RUNS,LITTLE SHELFORD CC,TRUE,FALSE,TRUE,FALSE
269,2018,CHESTERFORDS CC,167,10,LITTLE SHELFORD CC,169,4,LITTLE SHELFORD CC WON  BY 6 WICKETS,LITTLE SHELFORD CC,FALSE,TRUE,FALSE,TRUE
270,2018,HELIONS BUMPSTEAD CC,163,10,LITTLE SHELFORD CC,258,7,LITTLE SHELFORD CC WON  BY 95 RUNS,LITTLE SHELFORD CC,TRUE,FALSE,FALSE,TRUE
271,2018,"ROYSTON CC, HERTS",163,9,LITTLE SHELFORD CC,199,10,LITTLE SHELFORD CC WON  BY 36 RUNS,LITTLE SHELFORD CC,TRUE,FALSE,FALSE,TRUE
273,2018,HARLTON CC,247,6,LITTLE SHELFORD CC,215,10,HARLTON CC WON  BY 32 RUNS,HARLTON CC,TRUE,FALSE,TRUE,FALSE
274,2018,LITTLE SHELFORD CC,252,4,LONGSTOWE CC,131,10,LITTLE SHELFORD CC WON  BY 121 RUNS,LITTLE SHELFORD CC,TRUE,FALSE,TRUE,FALSE
275,2018,WHITTLESFORD CC,177,9,LITTLE SHELFORD CC,176,9,WHITTLESFORD CC WON  BY 1 WICKET,WHITTLESFORD CC,FALSE,TRUE,TRUE,FALSE
276,2018,GIRTON CC,162,8,ASHWELL CC,163,4,ASHWELL CC WON  BY 6 WICKETS,ASHWELL CC,FALSE,TRUE,FALSE,TRUE
279,2018,ASHWELL CC,210,5,CITY OF ELY CC,211,4,CITY OF ELY CC WON  BY 6 WICKETS,CITY OF ELY CC,FALSE,TRUE,FALSE,TRUE
281,2018,ASHWELL CC,162,10,SAFFRON WALDEN CC,163,4,SAFFRON WALDEN CC WON  BY 6 WICKETS,SAFFRON WALDEN CC,FALSE,TRUE,FALSE,TRUE
282,2018,WILBURTON CC,181,10,ASHWELL CC,170,10,WILBURTON CC WON  BY 11 RUNS,WILBURTON CC,TRUE,FALSE,TRUE,FALSE
283,2018,ASHWELL CC,119,8,HORSEHEATH CC,118,10,ASHWELL CC WON  BY 2 WICKETS,ASHWELL CC,FALSE,TRUE,TRUE,FALSE
284,2018,ASHWELL CC,198,10,ISLEHAM CC,241,7,ISLEHAM CC WON  BY 43 RUNS,ISLEHAM CC,TRUE,FALSE,FALSE,TRUE
285,2018,ASHWELL CC,153,3,GIRTON CC,151,10,ASHWELL CC WON  BY 7 WICKETS,ASHWELL CC,FALSE,TRUE,TRUE,FALSE
287,2018,ASHWELL CC,192,9,"NEWPORT CC, ESSEX",196,5,"NEWPORT CC, ESSEX WON  BY 5 WICKETS","NEWPORT CC, ESSEX",FALSE,TRUE,FALSE,TRUE
288,2018,CITY OF ELY CC,357,5,ASHWELL CC,244,8,CITY OF ELY CC WON  BY 113 RUNS,CITY OF ELY CC,TRUE,FALSE,TRUE,FALSE
290,2018,SAFFRON WALDEN CC,256,10,ASHWELL CC,259,6,ASHWELL CC WON  BY 3 RUNS,ASHWELL CC,TRUE,FALSE,FALSE,TRUE
291,2018,ASHWELL CC,172,6,WILBURTON CC,169,10,ASHWELL CC WON  BY 4 WICKETS,ASHWELL CC,FALSE,TRUE,TRUE,FALSE
292,2018,HORSEHEATH CC,216,5,ASHWELL CC,220,5,ASHWELL CC WON  BY 5 WICKETS,ASHWELL CC,FALSE,TRUE,FALSE,TRUE
293,2018,ISLEHAM CC,179,10,ASHWELL CC,219,7,ASHWELL CC WON  BY 40 RUNS,ASHWELL CC,TRUE,FALSE,FALSE,TRUE
294,2019,TAKELEY CC,271,6,AUDLEY END & LITTLEBURY CC,199,10,TAKELEY CC WON  BY 72 RUNS,TAKELEY CC,TRUE,FALSE,TRUE,FALSE
295,2019,THRIPLOW CC,177,8,AUDLEY END & LITTLEBURY CC,178,7,AUDLEY END & LITTLEBURY CC WON  BY 3 WICKETS,AUDLEY END & LITTLEBURY CC,FALSE,TRUE,FALSE,TRUE
296,2019,AUDLEY END & LITTLEBURY CC,159,6,WILBRAHAMS CC,158,6,AUDLEY END & LITTLEBURY CC WON  BY 4 WICKETS,AUDLEY END & LITTLEBURY CC,FALSE,TRUE,TRUE,FALSE
298,2019,LITTLE SHELFORD CC,238,8,AUDLEY END & LITTLEBURY CC,164,8,LITTLE SHELFORD CC WON  BY 74 RUNS,LITTLE SHELFORD CC,TRUE,FALSE,TRUE,FALSE
300,2019,AUDLEY END & LITTLEBURY CC,143,10,WHITTLESFORD CC,219,9,WHITTLESFORD CC WON  BY 76 RUNS,WHITTLESFORD CC,TRUE,FALSE,FALSE,TRUE
301,2019,LINTON VILLAGE CC,140,8,AUDLEY END & LITTLEBURY CC,139,10,LINTON VILLAGE CC WON  BY 2 WICKETS,LINTON VILLAGE CC,FALSE,TRUE,TRUE,FALSE
302,2019,AUDLEY END & LITTLEBURY CC,274,8,CHESTERFORDS CC,275,1,CHESTERFORDS CC WON  BY 9 WICKETS,CHESTERFORDS CC,FALSE,TRUE,FALSE,TRUE
303,2019,AUDLEY END & LITTLEBURY CC,130,10,TAKELEY CC,229,7,TAKELEY CC WON  BY 99 RUNS,TAKELEY CC,TRUE,FALSE,FALSE,TRUE
304,2019,AUDLEY END & LITTLEBURY CC,86,10,THRIPLOW CC,162,8,THRIPLOW CC WON  BY 76 RUNS,THRIPLOW CC,TRUE,FALSE,FALSE,TRUE
305,2019,ASHWELL CC,132,10,AUDLEY END & LITTLEBURY CC,53,10,ASHWELL CC WON  BY 79 RUNS,ASHWELL CC,TRUE,FALSE,TRUE,FALSE
307,2019,AUDLEY END & LITTLEBURY CC,211,8,LITTLE SHELFORD CC,91,10,AUDLEY END & LITTLEBURY CC WON  BY 120 RUNS,AUDLEY END & LITTLEBURY CC,TRUE,FALSE,TRUE,FALSE
308,2019,GREAT CHISHILL CC,208,7,AUDLEY END & LITTLEBURY CC,209,6,AUDLEY END & LITTLEBURY CC WON  BY 4 WICKETS,AUDLEY END & LITTLEBURY CC,FALSE,TRUE,FALSE,TRUE
309,2019,WHITTLESFORD CC,91,10,AUDLEY END & LITTLEBURY CC,92,1,AUDLEY END & LITTLEBURY CC WON  BY 9 WICKETS,AUDLEY END & LITTLEBURY CC,FALSE,TRUE,FALSE,TRUE
311,2019,CHESTERFORDS CC,153,5,AUDLEY END & LITTLEBURY CC,146,9,CHESTERFORDS CC WON  BY 7 RUNS,CHESTERFORDS CC,TRUE,FALSE,TRUE,FALSE
312,2019,OVER CC,107,3,CAMBRIDGE NCI CC,103,10,OVER CC WON  BY 7 WICKETS,OVER CC,FALSE,TRUE,TRUE,FALSE
313,2019,CAMBRIDGE NCI CC,165,10,CAMBRIDGE CC,178,10,CAMBRIDGE CC WON  BY 13 RUNS,CAMBRIDGE CC,TRUE,FALSE,FALSE,TRUE
314,2019,WISBECH TOWN CC,117,10,CAMBRIDGE NCI CC,264,5,CAMBRIDGE NCI CC WON  BY 147 RUNS,CAMBRIDGE NCI CC,TRUE,FALSE,FALSE,TRUE
315,2019,WITCHAM CC,146,9,CAMBRIDGE NCI CC,173,8,CAMBRIDGE NCI CC WON  BY 27 RUNS,CAMBRIDGE NCI CC,TRUE,FALSE,FALSE,TRUE
316,2019,BOTTISHAM-LODE CC,156,4,CAMBRIDGE NCI CC,126,10,BOTTISHAM-LODE CC WON  BY 30 RUNS,BOTTISHAM-LODE CC,TRUE,FALSE,TRUE,FALSE
317,2019,CAMBRIDGE NCI CC,299,10,CHATTERIS CC,124,10,CAMBRIDGE NCI CC WON  BY 175 RUNS,CAMBRIDGE NCI CC,TRUE,FALSE,TRUE,FALSE
318,2019,CAMBOURNE CC,169,5,CAMBRIDGE NCI CC,168,7,CAMBOURNE CC WON  BY 5 WICKETS,CAMBOURNE CC,FALSE,TRUE,TRUE,FALSE
319,2019,CAMBRIDGE NCI CC,110,1,CITY OF ELY CC,107,10,CAMBRIDGE NCI CC WON  BY 9 WICKETS,CAMBRIDGE NCI CC,FALSE,TRUE,TRUE,FALSE
320,2019,CAMBRIDGE NCI CC,132,10,OVER CC,134,5,OVER CC WON  BY 5 WICKETS,OVER CC,FALSE,TRUE,FALSE,TRUE
321,2019,CAMBRIDGE CC,197,10,CAMBRIDGE NCI CC,222,7,CAMBRIDGE NCI CC WON  BY 25 RUNS,CAMBRIDGE NCI CC,TRUE,FALSE,FALSE,TRUE
323,2019,CAMBRIDGE NCI CC,236,10,WITCHAM CC,252,5,WITCHAM CC WON  BY 16 RUNS,WITCHAM CC,TRUE,FALSE,FALSE,TRUE
324,2019,CAMBRIDGE NCI CC,222,7,BOTTISHAM-LODE CC,230,8,BOTTISHAM-LODE CC WON  BY 8 RUNS,BOTTISHAM-LODE CC,TRUE,FALSE,FALSE,TRUE
325,2019,CHATTERIS CC,137,10,CAMBRIDGE NCI CC,171,7,CAMBRIDGE NCI CC WON  BY 34 RUNS,CAMBRIDGE NCI CC,TRUE,FALSE,FALSE,TRUE
327,2019,CITY OF ELY CC,209,9,CAMBRIDGE NCI CC,184,10,CITY OF ELY CC WON  BY 1 WICKET,CITY OF ELY CC,FALSE,TRUE,TRUE,FALSE
328,2019,GREAT CHISHILL CC,273,4,WHITTLESFORD CC,235,10,GREAT CHISHILL CC WON  BY 38 RUNS,GREAT CHISHILL CC,TRUE,FALSE,TRUE,FALSE
329,2019,GREAT CHISHILL CC,183,5,WILBRAHAMS CC,179,8,GREAT CHISHILL CC WON  BY 5 WICKETS,GREAT CHISHILL CC,FALSE,TRUE,TRUE,FALSE
330,2019,GREAT CHISHILL CC,92,10,LITTLE SHELFORD CC,108,10,LITTLE SHELFORD CC WON  BY 16 RUNS,LITTLE SHELFORD CC,TRUE,FALSE,FALSE,TRUE
331,2019,GREAT CHISHILL CC,153,10,THRIPLOW CC,135,10,GREAT CHISHILL CC WON  BY 18 RUNS,GREAT CHISHILL CC,TRUE,FALSE,TRUE,FALSE
332,2019,TAKELEY CC,201,7,GREAT CHISHILL CC,204,6,GREAT CHISHILL CC WON  BY 4 WICKETS,GREAT CHISHILL CC,FALSE,TRUE,FALSE,TRUE
334,2019,GREAT CHISHILL CC,168,10,CHESTERFORDS CC,156,10,GREAT CHISHILL CC WON  BY 12 RUNS,GREAT CHISHILL CC,TRUE,FALSE,TRUE,FALSE
335,2019,ASHWELL CC,266,4,GREAT CHISHILL CC,186,10,ASHWELL CC WON  BY 80 RUNS,ASHWELL CC,TRUE,FALSE,TRUE,FALSE
336,2019,LINTON VILLAGE CC,170,10,GREAT CHISHILL CC,234,8,GREAT CHISHILL CC WON  BY 64 RUNS,GREAT CHISHILL CC,TRUE,FALSE,FALSE,TRUE
337,2019,WHITTLESFORD CC,188,9,GREAT CHISHILL CC,190,4,GREAT CHISHILL CC WON  BY 6 WICKETS,GREAT CHISHILL CC,FALSE,TRUE,FALSE,TRUE
338,2019,WILBRAHAMS CC,214,5,GREAT CHISHILL CC,200,10,WILBRAHAMS CC WON  BY 14 RUNS,WILBRAHAMS CC,TRUE,FALSE,TRUE,FALSE
339,2019,THRIPLOW CC,96,10,GREAT CHISHILL CC,159,10,GREAT CHISHILL CC WON  BY 63 RUNS,GREAT CHISHILL CC,TRUE,FALSE,FALSE,TRUE
340,2019,LITTLE SHELFORD CC,191,5,GREAT CHISHILL CC,157,10,LITTLE SHELFORD CC WON  BY 34 RUNS,LITTLE SHELFORD CC,TRUE,FALSE,TRUE,FALSE
341,2019,GREAT CHISHILL CC,153,10,TAKELEY CC,156,3,TAKELEY CC WON  BY 7 WICKETS,TAKELEY CC,FALSE,TRUE,FALSE,TRUE
343,2019,CHESTERFORDS CC,183,9,GREAT CHISHILL CC,182,10,CHESTERFORDS CC WON  BY 1 WICKET,CHESTERFORDS CC,FALSE,TRUE,TRUE,FALSE
344,2019,GREAT CHISHILL CC,201,10,ASHWELL CC,204,6,ASHWELL CC WON  BY 3 RUNS,ASHWELL CC,TRUE,FALSE,FALSE,TRUE
345,2019,GREAT CHISHILL CC,233,6,LINTON VILLAGE CC,174,10,GREAT CHISHILL CC WON  BY 59 RUNS,GREAT CHISHILL CC,TRUE,FALSE,TRUE,FALSE
346,2019,WILBRAHAMS CC,143,1,LINTON VILLAGE CC,142,9,WILBRAHAMS CC WON  BY 9 WICKETS,WILBRAHAMS CC,FALSE,TRUE,TRUE,FALSE
347,2019,LINTON VILLAGE CC,143,8,TAKELEY CC,147,1,TAKELEY CC WON  BY 9 WICKETS,TAKELEY CC,FALSE,TRUE,FALSE,TRUE
348,2019,WHITTLESFORD CC,192,4,LINTON VILLAGE CC,189,5,WHITTLESFORD CC WON  BY 6 WICKETS,WHITTLESFORD CC,FALSE,TRUE,TRUE,FALSE
349,2019,LINTON VILLAGE CC,146,9,CHESTERFORDS CC,149,6,CHESTERFORDS CC WON  BY 4 WICKETS,CHESTERFORDS CC,FALSE,TRUE,FALSE,TRUE
350,2019,LINTON VILLAGE CC,39,2,ASHWELL CC,36,10,LINTON VILLAGE CC WON  BY 8 WICKETS,LINTON VILLAGE CC,FALSE,TRUE,TRUE,FALSE
352,2019,LINTON VILLAGE CC,106,10,THRIPLOW CC,167,9,THRIPLOW CC WON  BY 61 RUNS,THRIPLOW CC,TRUE,FALSE,FALSE,TRUE
355,2019,LINTON VILLAGE CC,149,8,WILBRAHAMS CC,153,0,WILBRAHAMS CC WON  BY 10 WICKETS,WILBRAHAMS CC,FALSE,TRUE,FALSE,TRUE
356,2019,TAKELEY CC,153,2,LINTON VILLAGE CC,149,10,TAKELEY CC WON  BY 8 WICKETS,TAKELEY CC,FALSE,TRUE,TRUE,FALSE
357,2019,CHESTERFORDS CC,168,8,LINTON VILLAGE CC,97,10,CHESTERFORDS CC WON  BY 71 RUNS,CHESTERFORDS CC,TRUE,FALSE,TRUE,FALSE
359,2019,ASHWELL CC,229,10,LINTON VILLAGE CC,115,10,ASHWELL CC WON  BY 114 RUNS,ASHWELL CC,TRUE,FALSE,TRUE,FALSE
360,2019,LINTON VILLAGE CC,162,2,LITTLE SHELFORD CC,160,8,LINTON VILLAGE CC WON  BY 8 WICKETS,LINTON VILLAGE CC,FALSE,TRUE,TRUE,FALSE
361,2019,THRIPLOW CC,142,10,LINTON VILLAGE CC,225,10,LINTON VILLAGE CC WON  BY 83 RUNS,LINTON VILLAGE CC,TRUE,FALSE,FALSE,TRUE
364,2019,SAWSTON AND BABRAHAM CC,146,6,ICKLETON CC,151,4,ICKLETON CC WON  BY 6 WICKETS,ICKLETON CC,FALSE,TRUE,FALSE,TRUE
365,2019,ICKLETON CC,155,10,CAM KERALA CC,204,9,CAM KERALA CC WON  BY 49 RUNS,CAM KERALA CC,TRUE,FALSE,FALSE,TRUE
366,2019,ICKLETON CC,309,5,FULBOURN INSTITUTE CC,81,10,ICKLETON CC WON  BY 228 RUNS,ICKLETON CC,TRUE,FALSE,TRUE,FALSE
367,2019,DULLINGHAM CC,193,8,ICKLETON CC,196,4,ICKLETON CC WON  BY 6 WICKETS,ICKLETON CC,FALSE,TRUE,FALSE,TRUE
368,2019,ICKLETON CC,68,3,THRIPLOW CC,65,10,ICKLETON CC WON  BY 7 WICKETS,ICKLETON CC,FALSE,TRUE,TRUE,FALSE
369,2019,"NEWTON CC, CAMBS",134,10,ICKLETON CC,135,7,ICKLETON CC WON  BY 3 WICKETS,ICKLETON CC,FALSE,TRUE,FALSE,TRUE
370,2019,ICKLETON CC,149,10,GREAT SHELFORD CC,230,5,GREAT SHELFORD CC WON  BY 81 RUNS,GREAT SHELFORD CC,TRUE,FALSE,FALSE,TRUE
371,2019,CAM KERALA CC,126,10,ICKLETON CC,141,10,ICKLETON CC WON  BY 15 RUNS,ICKLETON CC,TRUE,FALSE,FALSE,TRUE
372,2019,FULBOURN INSTITUTE CC,115,10,ICKLETON CC,117,3,ICKLETON CC WON  BY 7 WICKETS,ICKLETON CC,FALSE,TRUE,FALSE,TRUE
373,2019,ICKLETON CC,140,7,SAWSTON AND BABRAHAM CC,139,10,ICKLETON CC WON  BY 3 WICKETS,ICKLETON CC,FALSE,TRUE,TRUE,FALSE
374,2019,ICKLETON CC,238,9,DULLINGHAM CC,215,6,ICKLETON CC WON  BY 23 RUNS,ICKLETON CC,TRUE,FALSE,TRUE,FALSE
375,2019,THRIPLOW CC,136,7,ICKLETON CC,137,7,ICKLETON CC WON  BY 3 WICKETS,ICKLETON CC,FALSE,TRUE,FALSE,TRUE
376,2019,ICKLETON CC,191,9,"NEWTON CC, CAMBS",111,10,ICKLETON CC WON  BY 80 RUNS,ICKLETON CC,TRUE,FALSE,TRUE,FALSE
377,2019,GREAT SHELFORD CC,117,4,ICKLETON CC,121,0,ICKLETON CC WON  BY 10 WICKETS,ICKLETON CC,FALSE,TRUE,FALSE,TRUE
378,2019,BIRCHANGER CC,85,3,HIGH BEACH CC -,84,10,BIRCHANGER CC WON  BY 7 WICKETS,BIRCHANGER CC,FALSE,TRUE,TRUE,FALSE
379,2019,BIRCHANGER CC,146,2,CLOGHAMS CC,143,10,BIRCHANGER CC WON  BY 8 WICKETS,BIRCHANGER CC,FALSE,TRUE,TRUE,FALSE
380,2019,ABRIDGE CC -,271,8,BIRCHANGER CC,283,7,BIRCHANGER CC WON  BY 12 RUNS,BIRCHANGER CC,TRUE,FALSE,FALSE,TRUE
381,2019,WOODFORD WELLS CC,254,9,BIRCHANGER CC,257,7,BIRCHANGER CC WON  BY 3 WICKETS,BIRCHANGER CC,FALSE,TRUE,FALSE,TRUE
382,2019,WILLINGALE CC,88,10,BIRCHANGER CC,90,0,BIRCHANGER CC WON  BY 10 WICKETS,BIRCHANGER CC,FALSE,TRUE,FALSE,TRUE
383,2019,HIGH BEACH CC -,139,5,BIRCHANGER CC,136,8,HIGH BEACH CC WON  BY 5 WICKETS,HIGH BEACH CC,FALSE,TRUE,FALSE,FALSE
384,2019,WORMLEY CC,132,10,BIRCHANGER CC,136,4,BIRCHANGER CC WON  BY 6 WICKETS,BIRCHANGER CC,FALSE,TRUE,FALSE,TRUE
385,2019,CLOGHAMS CC,140,8,BIRCHANGER CC,109,10,CLOGHAMS CC WON  BY 31 RUNS,CLOGHAMS CC,TRUE,FALSE,TRUE,FALSE
387,2019,BIRCHANGER CC,210,10,WOODFORD WELLS CC,286,7,WOODFORD WELLS CC WON  BY 76 RUNS,WOODFORD WELLS CC,TRUE,FALSE,FALSE,TRUE
388,2019,BIRCHANGER CC,156,6,WILLINGALE CC,155,9,BIRCHANGER CC WON  BY 4 WICKETS,BIRCHANGER CC,FALSE,TRUE,TRUE,FALSE
389,2019,ELMDON CC,180,9,"ABINGTON CC, CAMBS",183,7,"ABINGTON CC, CAMBS WON  BY 3 WICKETS","ABINGTON CC, CAMBS",FALSE,TRUE,FALSE,TRUE
390,2019,ELMDON CC,164,10,BASSINGBOURN CC,165,5,BASSINGBOURN CC WON  BY 5 WICKETS,BASSINGBOURN CC,FALSE,TRUE,FALSE,TRUE
391,2019,COKENACH CC,155,10,ELMDON CC,162,9,ELMDON CC WON  BY 7 RUNS,ELMDON CC,TRUE,FALSE,FALSE,TRUE
392,2019,ELMDON CC,187,8,"ROYSTON CC, HERTS",146,10,ELMDON CC WON  BY 2 WICKETS,ELMDON CC,FALSE,TRUE,TRUE,FALSE
394,2019,ELMDON CC,146,6,HELIONS BUMPSTEAD CC,148,2,HELIONS BUMPSTEAD CC WON  BY 8 WICKETS,HELIONS BUMPSTEAD CC,FALSE,TRUE,FALSE,TRUE
395,2019,RICKLING RAMBLERS CC,251,10,ELMDON CC,146,10,RICKLING RAMBLERS CC WON  BY 105 RUNS,RICKLING RAMBLERS CC,TRUE,FALSE,TRUE,FALSE
396,2019,ELMDON CC,199,6,MILL GREEN CC,81,10,ELMDON CC WON  BY 4 WICKETS,ELMDON CC,FALSE,TRUE,TRUE,FALSE
397,2019,"ABINGTON CC, CAMBS",133,5,ELMDON CC,132,10,"ABINGTON CC, CAMBS WON  BY 5 WICKETS","ABINGTON CC, CAMBS",FALSE,TRUE,TRUE,FALSE
398,2019,BASSINGBOURN CC,278,4,ELMDON CC,175,8,BASSINGBOURN CC WON  BY 103 RUNS,BASSINGBOURN CC,TRUE,FALSE,TRUE,FALSE
399,2019,"ROYSTON CC, HERTS",107,10,ELMDON CC,126,10,ELMDON CC WON  BY 19 RUNS,ELMDON CC,TRUE,FALSE,FALSE,TRUE
401,2019,ELMDON CC,163,9,CAMBRIDGE ST. GILES CC,229,7,CAMBRIDGE ST. GILES CC WON  BY 66 RUNS,CAMBRIDGE ST. GILES CC,TRUE,FALSE,FALSE,TRUE
402,2019,HELIONS BUMPSTEAD CC,126,2,ELMDON CC,122,10,HELIONS BUMPSTEAD CC WON  BY 8 WICKETS,HELIONS BUMPSTEAD CC,FALSE,TRUE,TRUE,FALSE
403,2019,ELMDON CC,153,9,RICKLING RAMBLERS CC,199,5,RICKLING RAMBLERS CC WON  BY 46 RUNS,RICKLING RAMBLERS CC,TRUE,FALSE,FALSE,TRUE
404,2019,MILL GREEN CC,134,8,ELMDON CC,133,6,MILL GREEN CC WON  BY 2 WICKETS,MILL GREEN CC,FALSE,TRUE,TRUE,FALSE
405,2019,THRIPLOW CC,166,8,LITTLE SHELFORD CC,182,8,LITTLE SHELFORD CC WON  BY 16 RUNS,LITTLE SHELFORD CC,TRUE,FALSE,FALSE,TRUE
406,2019,LITTLE SHELFORD CC,182,9,CHESTERFORDS CC,236,3,CHESTERFORDS CC WON  BY 54 RUNS,CHESTERFORDS CC,TRUE,FALSE,FALSE,TRUE
408,2019,WILBRAHAMS CC,106,10,LITTLE SHELFORD CC,188,7,LITTLE SHELFORD CC WON  BY 82 RUNS,LITTLE SHELFORD CC,TRUE,FALSE,FALSE,TRUE
411,2019,LITTLE SHELFORD CC,174,8,TAKELEY CC,173,10,LITTLE SHELFORD CC WON  BY 2 WICKETS,LITTLE SHELFORD CC,FALSE,TRUE,TRUE,FALSE
412,2019,WHITTLESFORD CC,154,10,LITTLE SHELFORD CC,178,9,LITTLE SHELFORD CC WON  BY 24 RUNS,LITTLE SHELFORD CC,TRUE,FALSE,FALSE,TRUE
413,2019,LITTLE SHELFORD CC,179,8,ASHWELL CC,184,3,ASHWELL CC WON  BY 7 WICKETS,ASHWELL CC,FALSE,TRUE,FALSE,TRUE
414,2019,LITTLE SHELFORD CC,113,10,THRIPLOW CC,198,4,THRIPLOW CC WON  BY 85 RUNS,THRIPLOW CC,TRUE,FALSE,FALSE,TRUE
415,2019,CHESTERFORDS CC,107,2,LITTLE SHELFORD CC,106,10,CHESTERFORDS CC WON  BY 1 RUN,CHESTERFORDS CC,TRUE,FALSE,TRUE,FALSE
416,2019,LITTLE SHELFORD CC,213,9,WILBRAHAMS CC,275,6,WILBRAHAMS CC WON  BY 62 RUNS,WILBRAHAMS CC,TRUE,FALSE,FALSE,TRUE
420,2019,TAKELEY CC,235,7,LITTLE SHELFORD CC,206,9,TAKELEY CC WON  BY 29 RUNS,TAKELEY CC,TRUE,FALSE,TRUE,FALSE
421,2019,LITTLE SHELFORD CC,71,5,WHITTLESFORD CC,70,10,LITTLE SHELFORD CC WON  BY 5 WICKETS,LITTLE SHELFORD CC,FALSE,TRUE,TRUE,FALSE
422,2019,ASHWELL CC,201,10,LITTLE SHELFORD CC,160,10,ASHWELL CC WON  BY 41 RUNS,ASHWELL CC,TRUE,FALSE,TRUE,FALSE
423,2019,CHESTERFORDS CC,243,7,ASHWELL CC,217,10,CHESTERFORDS CC WON  BY 26 RUNS,CHESTERFORDS CC,TRUE,FALSE,TRUE,FALSE
424,2019,ASHWELL CC,97,10,WHITTLESFORD CC,98,2,WHITTLESFORD CC WON  BY 8 WICKETS,WHITTLESFORD CC,FALSE,TRUE,FALSE,TRUE
425,2019,ASHWELL CC,195,4,THRIPLOW CC,102,10,ASHWELL CC WON  BY 93 RUNS,ASHWELL CC,TRUE,FALSE,TRUE,FALSE
429,2019,WILBRAHAMS CC,118,10,ASHWELL CC,169,8,ASHWELL CC WON  BY 51 RUNS,ASHWELL CC,TRUE,FALSE,FALSE,TRUE
432,2019,ASHWELL CC,109,10,CHESTERFORDS CC,110,7,CHESTERFORDS CC WON  BY 3 WICKETS,CHESTERFORDS CC,FALSE,TRUE,FALSE,TRUE
433,2019,WHITTLESFORD CC,182,10,ASHWELL CC,209,5,ASHWELL CC WON  BY 27 RUNS,ASHWELL CC,TRUE,FALSE,FALSE,TRUE
437,2019,TAKELEY CC,129,1,ASHWELL CC,127,10,TAKELEY CC WON  BY 9 WICKETS,TAKELEY CC,FALSE,TRUE,TRUE,FALSE
438,2019,ASHWELL CC,85,10,WILBRAHAMS CC,201,9,WILBRAHAMS CC WON  BY 116 RUNS,WILBRAHAMS CC,TRUE,FALSE,FALSE,TRUE
441,2021,AUDLEY END & LITTLEBURY CC,185,4,RICKLING RAMBLERS CC,189,9,RICKLING RAMBLERS CC WON  BY 1 WICKET,RICKLING RAMBLERS CC,FALSE,TRUE,FALSE,TRUE
442,2021,AUDLEY END & LITTLEBURY CC,234,10,GREAT CHISHILL CC,252,8,GREAT CHISHILL CC WON  BY 18 RUNS,GREAT CHISHILL CC,TRUE,FALSE,FALSE,TRUE
443,2021,AUDLEY END & LITTLEBURY CC,66,3,BIRCHANGER CC,62,10,AUDLEY END & LITTLEBURY CC WON  BY 7 WICKETS,AUDLEY END & LITTLEBURY CC,FALSE,TRUE,TRUE,FALSE
445,2021,WHITTLESFORD CC,183,6,AUDLEY END & LITTLEBURY CC,312,5,AUDLEY END & LITTLEBURY CC WON  BY 5 WICKETS,AUDLEY END & LITTLEBURY CC,FALSE,TRUE,FALSE,TRUE
446,2021,AUDLEY END & LITTLEBURY CC,239,10,ASHWELL CC,240,3,ASHWELL CC WON  BY 4 WICKETS,ASHWELL CC,FALSE,TRUE,FALSE,TRUE
447,2021,AUDLEY END & LITTLEBURY CC,219,9,LITTLE SHELFORD CC,163,9,AUDLEY END & LITTLEBURY CC WON  BY 56 RUNS,AUDLEY END & LITTLEBURY CC,TRUE,FALSE,TRUE,FALSE
449,2021,RICKLING RAMBLERS CC,125,10,AUDLEY END & LITTLEBURY CC,179,9,AUDLEY END & LITTLEBURY CC WON  BY 54 RUNS,AUDLEY END & LITTLEBURY CC,TRUE,FALSE,FALSE,TRUE
450,2021,AUDLEY END & LITTLEBURY CC,99,2,WHITTLESFORD CC,96,10,AUDLEY END & LITTLEBURY CC WON  BY 8 WICKETS,AUDLEY END & LITTLEBURY CC,FALSE,TRUE,TRUE,FALSE
451,2021,AUDLEY END & LITTLEBURY CC,201,8,LINTON VILLAGE CC,201,10,TIED,,TRUE,TRUE,FALSE,FALSE
452,2021,LINTON VILLAGE CC,192,5,AUDLEY END & LITTLEBURY CC,191,8,LINTON VILLAGE CC WON  BY 5 WICKETS,LINTON VILLAGE CC,FALSE,TRUE,TRUE,FALSE
453,2021,ASHWELL CC,193,4,AUDLEY END & LITTLEBURY CC,114,10,ASHWELL CC WON  BY 6 WICKETS,ASHWELL CC,FALSE,TRUE,TRUE,FALSE
455,2021,LITTLE SHELFORD CC,158,6,AUDLEY END & LITTLEBURY CC,163,8,AUDLEY END & LITTLEBURY CC WON  BY 5 RUNS,AUDLEY END & LITTLEBURY CC,TRUE,FALSE,FALSE,TRUE
456,2021,GREAT CHISHILL CC,257,10,AUDLEY END & LITTLEBURY CC,204,9,GREAT CHISHILL CC WON  BY 53 RUNS,GREAT CHISHILL CC,TRUE,FALSE,TRUE,FALSE
457,2021,LITTLE DOWNHAM CC,148,8,CAMBRIDGE NCI CC,150,5,CAMBRIDGE NCI CC WON  BY 5 WICKETS,CAMBRIDGE NCI CC,FALSE,TRUE,FALSE,TRUE
458,2021,CAMBRIDGE NCI CC,106,3,ST IVES TOWN & WARBOYS CC,105,10,CAMBRIDGE NCI CC WON  BY 7 WICKETS,CAMBRIDGE NCI CC,FALSE,TRUE,TRUE,FALSE
459,2021,BURWELL & EXNING CC,101,10,CAMBRIDGE NCI CC,244,5,CAMBRIDGE NCI CC WON  BY 143 RUNS,CAMBRIDGE NCI CC,TRUE,FALSE,FALSE,TRUE
460,2021,CAM KERALA CC,256,9,CAMBRIDGE NCI CC,105,10,CAM KERALA CC WON  BY 151 RUNS,CAM KERALA CC,TRUE,FALSE,TRUE,FALSE
461,2021,CAMBRIDGE NCI CC,154,5,HISTON CC,156,7,HISTON CC WON  BY 3 WICKETS,HISTON CC,FALSE,TRUE,FALSE,TRUE
462,2021,TELUGU ASSOCIATION OF CAMBRIDGE CC,241,7,CAMBRIDGE NCI CC,133,10,TELUGU ASSOCIATION OF CAMBRIDGE CC WON  BY 108 RUNS,TELUGU ASSOCIATION OF CAMBRIDGE CC,TRUE,FALSE,TRUE,FALSE
463,2021,CAMBRIDGE NCI CC,98,10,LITTLE DOWNHAM CC,180,9,LITTLE DOWNHAM CC WON  BY 82 RUNS,LITTLE DOWNHAM CC,TRUE,FALSE,FALSE,TRUE
464,2021,CAMBRIDGE NCI CC,121,10,CITY OF ELY CC,170,8,CITY OF ELY CC WON  BY 49 RUNS,CITY OF ELY CC,TRUE,FALSE,FALSE,TRUE
465,2021,CAMBRIDGE NCI CC,136,6,OVER CC,138,4,OVER CC WON  BY 6 WICKETS,OVER CC,FALSE,TRUE,FALSE,TRUE
466,2021,ST IVES TOWN & WARBOYS CC,145,9,CAMBRIDGE NCI CC,121,10,ST IVES TOWN & WARBOYS CC WON  BY 24 RUNS,ST IVES TOWN & WARBOYS CC,TRUE,FALSE,TRUE,FALSE
467,2021,CAMBRIDGE NCI CC,167,10,CAM KERALA CC,171,4,CAM KERALA CC WON  BY 6 WICKETS,CAM KERALA CC,FALSE,TRUE,FALSE,TRUE
468,2021,CAMBRIDGE NCI CC,219,7,TELUGU ASSOCIATION OF CAMBRIDGE CC,146,10,CAMBRIDGE NCI CC WON  BY 73 RUNS,CAMBRIDGE NCI CC,TRUE,FALSE,TRUE,FALSE
469,2021,HISTON CC,222,6,CAMBRIDGE NCI CC,109,10,HISTON CC WON  BY 4 WICKETS,HISTON CC,FALSE,TRUE,TRUE,FALSE
472,2021,OVER CC,48,10,CAMBRIDGE NCI CC,106,10,CAMBRIDGE NCI CC WON  BY 58 RUNS,CAMBRIDGE NCI CC,TRUE,FALSE,FALSE,TRUE
473,2021,GREAT CHISHILL CC,231,3,LINTON VILLAGE CC,231,7,TIED,,TRUE,TRUE,FALSE,FALSE
474,2021,GREAT CHISHILL CC,146,7,LITTLE SHELFORD CC,142,10,GREAT CHISHILL CC WON  BY 3 WICKETS,GREAT CHISHILL CC,FALSE,TRUE,TRUE,FALSE
477,2021,THRIPLOW CC,167,4,GREAT CHISHILL CC,106,10,THRIPLOW CC WON  BY 61 RUNS,THRIPLOW CC,TRUE,FALSE,TRUE,FALSE
478,2021,RICKLING RAMBLERS CC,121,4,GREAT CHISHILL CC,115,10,RICKLING RAMBLERS CC WON  BY 6 WICKETS,RICKLING RAMBLERS CC,FALSE,TRUE,TRUE,FALSE
479,2021,WHITTLESFORD CC,191,10,GREAT CHISHILL CC,192,8,GREAT CHISHILL CC WON  BY 2 WICKETS,GREAT CHISHILL CC,FALSE,TRUE,FALSE,TRUE
480,2021,GREAT CHISHILL CC,89,10,BIRCHANGER CC,205,7,BIRCHANGER CC WON  BY 116 RUNS,BIRCHANGER CC,TRUE,FALSE,FALSE,TRUE
481,2021,GREAT CHISHILL CC,210,4,RICKLING RAMBLERS CC,181,9,GREAT CHISHILL CC WON  BY 29 RUNS,GREAT CHISHILL CC,TRUE,FALSE,TRUE,FALSE
482,2021,LITTLE SHELFORD CC,223,6,GREAT CHISHILL CC,178,10,LITTLE SHELFORD CC WON  BY 45 RUNS,LITTLE SHELFORD CC,TRUE,FALSE,TRUE,FALSE
483,2021,GREAT CHISHILL CC,198,3,ASHWELL CC,197,8,GREAT CHISHILL CC WON  BY 7 WICKETS,GREAT CHISHILL CC,FALSE,TRUE,TRUE,FALSE
484,2021,ASHWELL CC,212,3,GREAT CHISHILL CC,217,2,GREAT CHISHILL CC WON  BY 8 WICKETS,GREAT CHISHILL CC,FALSE,TRUE,FALSE,TRUE
486,2021,GREAT CHISHILL CC,58,10,THRIPLOW CC,59,2,THRIPLOW CC WON  BY 8 WICKETS,THRIPLOW CC,FALSE,TRUE,FALSE,TRUE
491,2021,LINTON VILLAGE CC,249,4,ASHWELL CC,167,7,LINTON VILLAGE CC WON  BY 6 WICKETS,LINTON VILLAGE CC,FALSE,TRUE,TRUE,FALSE
494,2021,RICKLING RAMBLERS CC,179,10,LINTON VILLAGE CC,152,9,RICKLING RAMBLERS CC WON  BY 27 RUNS,RICKLING RAMBLERS CC,TRUE,FALSE,TRUE,FALSE
496,2021,LINTON VILLAGE CC,135,9,THRIPLOW CC,137,5,THRIPLOW CC WON  BY 5 WICKETS,THRIPLOW CC,FALSE,TRUE,FALSE,TRUE
497,2021,LINTON VILLAGE CC,139,10,BIRCHANGER CC,150,7,BIRCHANGER CC WON  BY 11 RUNS,BIRCHANGER CC,TRUE,FALSE,FALSE,TRUE
498,2021,LINTON VILLAGE CC,157,9,RICKLING RAMBLERS CC,161,5,RICKLING RAMBLERS CC WON  BY 5 WICKETS,RICKLING RAMBLERS CC,FALSE,TRUE,FALSE,TRUE
501,2021,LITTLE SHELFORD CC,183,10,LINTON VILLAGE CC,249,5,LINTON VILLAGE CC WON  BY 66 RUNS,LINTON VILLAGE CC,TRUE,FALSE,FALSE,TRUE
502,2021,LINTON VILLAGE CC,129,0,WHITTLESFORD CC,125,10,LINTON VILLAGE CC WON  BY 10 WICKETS,LINTON VILLAGE CC,FALSE,TRUE,TRUE,FALSE
504,2021,ASHWELL CC,230,5,LINTON VILLAGE CC,234,7,LINTON VILLAGE CC WON  BY 3 WICKETS,LINTON VILLAGE CC,FALSE,TRUE,FALSE,TRUE
505,2021,ELMDON CC,222,6,ICKLETON CC,182,10,ELMDON CC WON  BY 40 RUNS,ELMDON CC,TRUE,FALSE,TRUE,FALSE
507,2021,ICKLETON CC,239,7,"ABINGTON CC, CAMBS",145,10,ICKLETON CC WON  BY 94 RUNS,ICKLETON CC,TRUE,FALSE,TRUE,FALSE
508,2021,ICKLETON CC,191,6,ELMDON CC,192,8,ELMDON CC WON  BY 2 WICKETS,ELMDON CC,FALSE,TRUE,FALSE,TRUE
509,2021,MILL GREEN CC,73,10,ICKLETON CC,75,1,ICKLETON CC WON  BY 9 WICKETS,ICKLETON CC,FALSE,TRUE,FALSE,TRUE
510,2021,ICKLETON CC,246,10,"ASPENDEN, STANDON & PUCKERIDGE CC",211,10,ICKLETON CC WON  BY 35 RUNS,ICKLETON CC,TRUE,FALSE,TRUE,FALSE
511,2021,HELIONS BUMPSTEAD CC,157,7,ICKLETON CC,158,5,ICKLETON CC WON  BY 5 WICKETS,ICKLETON CC,FALSE,TRUE,FALSE,TRUE
512,2021,"BARLEY CC, CAMBS",95,7,ICKLETON CC,97,1,ICKLETON CC WON  BY 9 WICKETS,ICKLETON CC,FALSE,TRUE,FALSE,TRUE
513,2021,HASLINGFIELD CC,129,7,ICKLETON CC,132,4,ICKLETON CC WON  BY 6 WICKETS,ICKLETON CC,FALSE,TRUE,FALSE,TRUE
514,2021,"ASPENDEN, STANDON & PUCKERIDGE CC",129,10,ICKLETON CC,133,4,ICKLETON CC WON  BY 6 WICKETS,ICKLETON CC,FALSE,TRUE,FALSE,TRUE
515,2021,ICKLETON CC,335,5,MILL GREEN CC,102,10,ICKLETON CC WON  BY 233 RUNS,ICKLETON CC,TRUE,FALSE,TRUE,FALSE
516,2021,ICKLETON CC,229,9,HASLINGFIELD CC,177,8,ICKLETON CC WON  BY 52 RUNS,ICKLETON CC,TRUE,FALSE,TRUE,FALSE
517,2021,ICKLETON CC,163,10,BASSINGBOURN CC,212,10,BASSINGBOURN CC WON  BY 49 RUNS,BASSINGBOURN CC,TRUE,FALSE,FALSE,TRUE
519,2021,ICKLETON CC,101,2,HELIONS BUMPSTEAD CC,99,10,ICKLETON CC WON  BY 8 WICKETS,ICKLETON CC,FALSE,TRUE,TRUE,FALSE
520,2021,ICKLETON CC,113,3,"BARLEY CC, CAMBS",109,10,ICKLETON CC WON  BY 7 WICKETS,ICKLETON CC,FALSE,TRUE,TRUE,FALSE
521,2021,WHITTLESFORD CC,101,10,BIRCHANGER CC,103,3,BIRCHANGER CC WON  BY 7 WICKETS,BIRCHANGER CC,FALSE,TRUE,FALSE,TRUE
525,2021,BIRCHANGER CC,265,9,ASHWELL CC,182,10,BIRCHANGER CC WON  BY 83 RUNS,BIRCHANGER CC,TRUE,FALSE,TRUE,FALSE
529,2021,BIRCHANGER CC,224,5,WHITTLESFORD CC,110,10,BIRCHANGER CC WON  BY 114 RUNS,BIRCHANGER CC,TRUE,FALSE,TRUE,FALSE
530,2021,ASHWELL CC,141,10,BIRCHANGER CC,184,5,BIRCHANGER CC WON  BY 5 WICKETS,BIRCHANGER CC,FALSE,TRUE,FALSE,TRUE
531,2021,LITTLE SHELFORD CC,228,7,BIRCHANGER CC,224,6,LITTLE SHELFORD CC WON  BY 4 RUNS,LITTLE SHELFORD CC,TRUE,FALSE,TRUE,FALSE
532,2021,BIRCHANGER CC,154,9,THRIPLOW CC,161,9,THRIPLOW CC WON  BY 7 RUNS,THRIPLOW CC,TRUE,FALSE,FALSE,TRUE
533,2021,BIRCHANGER CC,159,6,LITTLE SHELFORD CC,158,8,BIRCHANGER CC WON  BY 4 WICKETS,BIRCHANGER CC,FALSE,TRUE,TRUE,FALSE
534,2021,RICKLING RAMBLERS CC,127,4,BIRCHANGER CC,123,6,RICKLING RAMBLERS CC WON  BY 6 WICKETS,RICKLING RAMBLERS CC,FALSE,TRUE,TRUE,FALSE
537,2021,ELMDON CC,165,10,BASSINGBOURN CC,147,10,ELMDON CC WON  BY 18 RUNS,ELMDON CC,TRUE,FALSE,TRUE,FALSE
540,2021,HELIONS BUMPSTEAD CC,151,8,ELMDON CC,210,8,ELMDON CC WON  BY 59 RUNS,ELMDON CC,TRUE,FALSE,FALSE,TRUE
542,2021,ELMDON CC,66,3,HASLINGFIELD CC,64,10,ELMDON CC WON  BY 7 WICKETS,ELMDON CC,FALSE,TRUE,TRUE,FALSE
543,2021,"ASPENDEN, STANDON & PUCKERIDGE CC",154,8,ELMDON CC,156,7,ELMDON CC WON  BY 3 WICKETS,ELMDON CC,FALSE,TRUE,FALSE,TRUE
544,2021,ELMDON CC,107,1,MILL GREEN CC,103,10,ELMDON CC WON  BY 9 WICKETS,ELMDON CC,FALSE,TRUE,TRUE,FALSE
545,2021,ELMDON CC,312,5,"BARLEY CC, CAMBS",120,10,ELMDON CC WON  BY 192 RUNS,ELMDON CC,TRUE,FALSE,TRUE,FALSE
546,2021,BASSINGBOURN CC,103,10,ELMDON CC,107,0,ELMDON CC WON  BY 10 WICKETS,ELMDON CC,FALSE,TRUE,FALSE,TRUE
547,2021,HASLINGFIELD CC,160,10,ELMDON CC,206,5,ELMDON CC WON  BY 46 RUNS,ELMDON CC,TRUE,FALSE,FALSE,TRUE
548,2021,"BARLEY CC, CAMBS",228,7,ELMDON CC,226,7,"BARLEY CC, CAMBS WON  BY 2 RUNS","BARLEY CC, CAMBS",TRUE,FALSE,TRUE,FALSE
549,2021,ELMDON CC,283,3,"ABINGTON CC, CAMBS",82,10,ELMDON CC WON  BY 201 RUNS,ELMDON CC,TRUE,FALSE,TRUE,FALSE
550,2021,"ABINGTON CC, CAMBS",167,9,ELMDON CC,168,9,ELMDON CC WON  BY 1 WICKET,ELMDON CC,FALSE,TRUE,FALSE,TRUE
551,2021,ELMDON CC,91,4,"ASPENDEN, STANDON & PUCKERIDGE CC",90,10,ELMDON CC WON  BY 6 WICKETS,ELMDON CC,FALSE,TRUE,TRUE,FALSE
552,2021,MILL GREEN CC,136,10,ELMDON CC,245,2,ELMDON CC WON  BY 109 RUNS,ELMDON CC,TRUE,FALSE,FALSE,TRUE
554,2021,ASHWELL CC,134,6,LITTLE SHELFORD CC,148,6,LITTLE SHELFORD CC WON  BY 14 RUNS,LITTLE SHELFORD CC,TRUE,FALSE,FALSE,TRUE
555,2021,RICKLING RAMBLERS CC,282,6,LITTLE SHELFORD CC,184,10,RICKLING RAMBLERS CC WON  BY 98 RUNS,RICKLING RAMBLERS CC,TRUE,FALSE,TRUE,FALSE
556,2021,WHITTLESFORD CC,208,10,LITTLE SHELFORD CC,171,10,WHITTLESFORD CC WON  BY 37 RUNS,WHITTLESFORD CC,TRUE,FALSE,TRUE,FALSE
557,2021,THRIPLOW CC,192,5,LITTLE SHELFORD CC,189,9,THRIPLOW CC WON  BY 5 WICKETS,THRIPLOW CC,FALSE,TRUE,TRUE,FALSE
560,2021,LITTLE SHELFORD CC,247,5,WHITTLESFORD CC,243,8,LITTLE SHELFORD CC WON  BY 5 WICKETS,LITTLE SHELFORD CC,FALSE,TRUE,TRUE,FALSE
562,2021,LITTLE SHELFORD CC,186,8,THRIPLOW CC,187,4,THRIPLOW CC WON  BY 6 WICKETS,THRIPLOW CC,FALSE,TRUE,FALSE,TRUE
564,2021,LITTLE SHELFORD CC,210,6,ASHWELL CC,207,6,LITTLE SHELFORD CC WON  BY 4 WICKETS,LITTLE SHELFORD CC,FALSE,TRUE,TRUE,FALSE
568,2021,LITTLE SHELFORD CC,186,7,RICKLING RAMBLERS CC,190,9,RICKLING RAMBLERS CC WON  BY 1 WICKET,RICKLING RAMBLERS CC,FALSE,TRUE,FALSE,TRUE
569,2021,ASHWELL CC,129,7,THRIPLOW CC,126,9,ASHWELL CC WON  BY 3 WICKETS,ASHWELL CC,FALSE,TRUE,TRUE,FALSE
575,2021,WHITTLESFORD CC,190,4,ASHWELL CC,188,9,WHITTLESFORD CC WON  BY 6 WICKETS,WHITTLESFORD CC,FALSE,TRUE,TRUE,FALSE
576,2021,THRIPLOW CC,140,5,ASHWELL CC,139,10,THRIPLOW CC WON  BY 5 WICKETS,THRIPLOW CC,FALSE,TRUE,TRUE,FALSE
582,2021,RICKLING RAMBLERS CC,110,0,ASHWELL CC,105,8,RICKLING RAMBLERS CC WON  BY 10 WICKETS,RICKLING RAMBLERS CC,FALSE,TRUE,TRUE,FALSE